user,gesture_id,gesture_type,n_points,duration,start_x,start_y,end_x,end_y,mean_pressure,std_pressure,max_pressure,mean_area,std_area
user01,0,long_press,12,1.2768,67.5,210.3,66.7,207.2,0.6778,0.0224,0.7,31.7,0.0
user01,1,tap,2,0.0607,122.9,210.9,122.7,210.3,0.6655,0.3132,0.887,35.1,0.0
user01,2,swipe_right,25,0.4318,122.3,256.4,472.8,256.4,0.6661,0.0217,0.703,30.73,0.97
user01,3,swipe_up,17,0.2947,153.9,508.5,153.9,340.0,0.7376,0.0247,0.779,46.24,1.53
user01,4,swipe_left,38,0.6434,85.3,491.8,-224.1,491.8,0.772,0.0245,0.812,38.91,1.19
user01,5,pinch_in,27,0.4536,151.3,504.3,151.3,214.0,0.634,0.0205,0.669,39.59,1.24
user01,6,double_tap,4,0.3353,113.9,413.6,111.6,415.9,0.5895,0.2269,0.786,29.8,0.0
user01,7,swipe_up,38,0.6408,166.6,274.6,166.6,-98.5,0.6689,0.0212,0.703,46.52,1.43
user01,8,tap,2,0.0549,167.3,637.7,166.5,634.7,0.6265,0.2949,0.835,25.6,0.0
user01,9,long_press,17,1.7202,175.9,104.9,177.7,106.7,0.5323,0.0231,0.559,40.1,0.0
user01,10,swipe_up,23,0.3905,139.7,269.7,139.7,-53.0,0.6009,0.0195,0.634,40.57,1.28
user01,11,swipe_right,28,0.4819,168.9,422.1,451.3,422.1,0.6801,0.0217,0.715,45.78,1.45
user01,12,swipe_left,38,0.6362,87.6,339.7,-243.9,339.7,0.718,0.0228,0.755,45.59,1.39
user01,13,pinch_in,24,0.4098,57.5,559.4,57.5,257.8,0.7229,0.0234,0.759,35.38,1.13
user01,14,swipe_up,23,0.3916,30.9,264.3,30.9,-22.9,0.7194,0.0234,0.759,35.12,1.12
user01,15,double_tap,4,0.4156,140.8,234.6,140.1,232.3,0.56,0.2159,0.747,35.4,0.0
user01,16,swipe_left,19,0.3302,115.4,430.8,-157.7,430.8,0.6851,0.0226,0.723,48.47,1.57
user01,17,swipe_down,14,0.2498,34.1,458.2,34.1,652.5,0.6376,0.0216,0.669,46.8,1.56
user01,18,pinch_out,20,0.3363,95.5,540.5,95.5,311.2,0.7479,0.0244,0.785,36.93,1.19
user01,19,swipe_down,12,0.2146,148.3,428.0,148.3,602.3,0.7445,0.0254,0.78,40.63,1.4
user01,20,tap,2,0.069,198.3,184.1,200.4,182.1,0.6635,0.3132,0.885,30.6,0.0
user01,21,swipe_left,18,0.3087,177.4,565.3,-100.4,565.3,0.7332,0.0242,0.77,43.64,1.43
user01,22,tap,2,0.055,165.7,490.0,167.2,488.4,0.6585,0.3104,0.878,34.5,0.0
user01,23,tap,2,0.0629,36.1,379.4,35.3,379.5,0.598,0.2814,0.797,18.5,0.0
user01,24,swipe_up,29,0.4844,160.9,286.3,160.9,-19.4,0.7711,0.0248,0.813,40.57,1.25
user01,25,swipe_up,36,0.6102,121.9,455.0,121.9,123.4,0.7041,0.0223,0.74,35.58,1.1
user01,26,pinch_out,23,0.3852,104.6,231.4,104.6,75.0,0.7127,0.0232,0.752,35.5,1.14
user01,27,pinch_out,13,0.2297,99.5,269.3,99.5,80.2,0.7319,0.0254,0.773,46.03,1.56
user01,28,swipe_left,18,0.302,192.3,495.2,-96.3,495.2,0.726,0.0239,0.762,31.31,1.03
user01,29,tap,2,0.0504,101.3,248.6,102.2,250.2,0.6565,0.309,0.875,38.6,0.0
user01,30,swipe_right,26,0.4362,103.8,359.4,407.7,359.4,0.6408,0.0206,0.673,31.1,0.98
user01,31,tap,2,0.0863,37.7,324.8,38.5,326.6,0.6045,0.285,0.806,30.6,0.0
user01,32,swipe_down,20,0.3391,189.8,430.2,189.8,677.2,0.6617,0.0216,0.695,40.59,1.31
user01,33,tap,2,0.0656,107.9,427.4,108.5,426.1,0.59,0.2786,0.787,29.2,0.0
user01,34,swipe_up,26,0.4461,148.4,451.6,148.4,82.2,0.671,0.0216,0.705,35.78,1.13
user01,35,double_tap,4,0.3176,166.6,269.2,165.3,268.0,0.5915,0.2281,0.789,33.9,0.0
user01,36,pinch_in,20,0.3353,84.4,558.2,84.4,310.9,0.7842,0.0256,0.823,40.22,1.29
user01,37,swipe_up,17,0.2991,137.4,379.4,137.4,156.1,0.6916,0.0232,0.73,40.74,1.34
user01,38,swipe_left,13,0.2199,164.6,515.8,-8.2,515.8,0.7738,0.0268,0.818,45.48,1.54
user01,39,tap,2,0.049,39.8,429.7,39.1,430.5,0.6595,0.3104,0.879,29.3,0.0
user01,40,tap,2,0.0611,47.2,150.5,48.3,152.2,0.581,0.2744,0.775,27.4,0.0
user01,41,swipe_up,31,0.523,162.1,423.4,162.1,167.3,0.6104,0.0195,0.644,35.12,1.09
user01,42,pinch_in,14,0.2454,31.9,387.5,31.9,223.4,0.6981,0.0236,0.732,33.06,1.11
user01,43,swipe_up,17,0.2966,193.6,349.9,193.6,128.5,0.6468,0.0216,0.683,43.65,1.42
user01,44,pinch_in,25,0.4255,42.5,421.5,42.5,29.2,0.7152,0.0232,0.754,40.2,1.26
user01,45,tap,2,0.069,137.0,517.4,137.4,521.8,0.7195,0.3387,0.959,25.2,0.0
user01,46,swipe_left,17,0.2909,90.1,433.5,-79.4,433.5,0.6899,0.0228,0.728,30.64,1.0
user01,47,pinch_out,50,0.8424,57.6,564.4,57.6,208.7,0.7248,0.0227,0.762,44.13,1.34
user01,48,pinch_out,26,0.4361,101.1,573.1,101.1,206.6,0.7485,0.024,0.786,50.39,1.58
user01,49,swipe_up,31,0.5233,94.8,588.0,94.8,227.4,0.6828,0.0218,0.72,42.2,1.3
user01,50,long_press,17,1.7882,110.1,349.3,108.9,350.9,0.6306,0.0299,0.665,37.1,0.0
user01,51,tap,2,0.0632,176.6,669.7,176.5,665.6,0.523,0.2461,0.697,29.9,0.0
user01,52,tap,2,0.0644,70.8,145.5,72.3,144.9,0.6055,0.285,0.807,23.0,0.0
user01,53,swipe_right,19,0.3237,60.1,235.5,240.3,235.5,0.7327,0.0243,0.773,36.38,1.19
user01,54,swipe_right,16,0.2734,115.6,476.2,275.4,476.2,0.6642,0.0223,0.697,31.72,1.05
user01,55,long_press,19,1.9221,137.9,148.3,137.6,148.1,0.6889,0.0378,0.731,36.4,0.0
user01,56,swipe_down,26,0.447,182.5,232.1,182.5,513.2,0.6475,0.0207,0.68,36.32,1.14
user01,57,swipe_right,25,0.4194,73.8,268.4,391.0,268.4,0.6952,0.0225,0.733,41.78,1.31
user01,58,pinch_in,15,0.2661,77.6,507.8,77.6,311.0,0.8311,0.0282,0.878,51.27,1.72
user01,59,swipe_left,23,0.399,133.8,315.5,-161.5,315.5,0.5243,0.017,0.553,36.91,1.17
user01,60,swipe_down,16,0.2803,38.8,334.6,38.8,518.2,0.8788,0.0294,0.922,28.84,0.96
user01,61,swipe_up,24,0.4131,131.3,388.6,131.3,135.7,0.7495,0.0242,0.787,47.83,1.51
user01,62,swipe_left,24,0.4131,60.8,226.6,-274.5,226.6,0.7115,0.0229,0.747,40.72,1.28
user01,63,tap,2,0.055,173.1,183.9,172.5,185.0,0.5795,0.2737,0.773,34.1,0.0
user01,64,tap,2,0.0539,91.0,626.3,86.9,624.3,0.6625,0.3118,0.883,38.1,0.0
user01,65,swipe_right,20,0.3355,182.9,353.6,468.8,353.6,0.646,0.0211,0.678,29.08,0.95
user01,66,pinch_in,19,0.333,189.8,451.1,189.8,217.4,0.6433,0.0214,0.679,42.07,1.36
user01,67,swipe_down,17,0.2947,164.1,260.7,164.1,488.6,0.7802,0.0263,0.824,46.78,1.55
user01,68,swipe_left,29,0.4994,179.1,336.8,-176.3,336.8,0.7986,0.0256,0.842,42.93,1.36
user01,69,swipe_up,21,0.3501,152.8,488.0,152.8,177.7,0.6719,0.0222,0.709,37.12,1.19
user01,70,double_tap,4,0.3111,122.3,251.1,130.2,250.5,0.582,0.224,0.776,23.3,0.0
user01,71,pinch_in,27,0.4626,148.4,569.0,148.4,242.2,0.7079,0.0229,0.747,45.17,1.4
user01,72,swipe_down,16,0.2701,188.8,570.2,188.8,832.9,0.7864,0.0262,0.825,51.12,1.67
user01,73,swipe_up,15,0.2617,130.5,359.6,130.5,195.9,0.7034,0.0238,0.743,47.65,1.59
user01,74,swipe_left,36,0.6049,88.9,338.8,-245.5,338.8,0.5946,0.0188,0.625,45.87,1.4
user01,75,swipe_right,23,0.3866,53.9,270.6,328.5,270.6,0.6839,0.0223,0.722,29.64,0.96
user01,76,swipe_right,17,0.292,32.2,465.4,226.7,465.4,0.7448,0.025,0.786,52.9,1.74
user01,77,pinch_out,19,0.3193,44.5,598.7,44.5,323.2,0.6831,0.0226,0.721,32.39,1.06
user01,78,tap,2,0.052,41.4,550.0,40.3,549.9,0.62,0.2927,0.827,29.3,0.0
user01,79,tap,2,0.0275,41.2,565.3,37.0,562.8,0.582,0.2744,0.776,39.3,0.0
user01,80,tap,2,0.0457,56.4,209.2,59.9,211.0,0.5385,0.2539,0.718,25.1,0.0
user01,81,swipe_up,11,0.1991,144.2,207.9,144.2,31.9,0.6537,0.0233,0.691,34.92,1.24
user01,82,long_press,19,1.962,58.9,492.0,62.7,490.1,0.6719,0.0384,0.715,36.3,0.0
user01,83,pinch_in,14,0.2476,118.2,218.8,118.2,27.2,0.5811,0.0195,0.609,31.14,1.05
user01,84,double_tap,4,0.3987,44.1,461.9,45.6,462.4,0.579,0.2229,0.772,21.0,0.0
user01,85,double_tap,4,0.4169,66.5,118.7,67.1,117.7,0.6405,0.2465,0.854,20.3,0.0
user01,86,tap,2,0.0661,147.0,360.9,149.0,362.1,0.646,0.3041,0.861,26.6,0.0
user01,87,swipe_right,42,0.7059,122.1,549.2,455.2,549.2,0.6164,0.0194,0.648,38.56,1.17
user01,88,long_press,14,1.494,141.9,516.6,141.0,514.6,0.6815,0.0235,0.708,42.0,0.0
user01,89,tap,2,0.0758,178.5,690.5,181.7,689.4,0.483,0.2277,0.644,27.3,0.0
user01,90,swipe_down,14,0.2354,69.7,216.8,69.7,371.3,0.6477,0.0218,0.679,33.04,1.12
user01,91,pinch_out,42,0.7082,145.5,287.3,145.5,-100.2,0.5769,0.0182,0.606,31.74,0.97
user01,92,long_press,20,2.0327,47.6,348.2,45.7,352.5,0.838,0.0513,0.896,33.4,0.0
user01,93,tap,2,0.0717,75.4,627.2,77.0,628.2,0.552,0.2602,0.736,34.1,0.0
user01,94,double_tap,4,0.3838,145.6,471.2,144.9,471.2,0.577,0.2217,0.769,33.4,0.0
user01,95,swipe_left,28,0.4743,137.8,416.0,-207.2,416.0,0.704,0.0226,0.74,30.65,0.96
user01,96,swipe_up,22,0.3814,193.7,336.7,193.7,28.6,0.7166,0.0232,0.753,51.06,1.63
user01,97,pinch_out,22,0.3725,41.4,432.9,41.4,196.4,0.7129,0.0233,0.749,47.55,1.51
user01,98,tap,2,0.0631,37.8,622.9,40.9,622.8,0.5575,0.2623,0.743,26.6,0.0
user01,99,double_tap,4,0.4485,105.8,264.2,105.5,266.1,0.5475,0.2107,0.73,29.1,0.0
user01,100,tap,2,0.0559,97.6,264.5,98.3,262.0,0.6075,0.2864,0.81,31.8,0.0
user01,101,pinch_in,22,0.3786,61.5,547.4,61.5,203.3,0.733,0.0238,0.77,39.9,1.29
user01,102,double_tap,4,0.3946,173.6,556.6,169.5,555.7,0.562,0.2159,0.749,32.4,0.0
user01,103,tap,2,0.0535,40.9,449.2,37.1,448.3,0.6525,0.3076,0.87,26.0,0.0
user01,104,tap,2,0.0643,79.6,517.0,79.5,515.8,0.4865,0.2298,0.649,32.7,0.0
user01,105,swipe_up,19,0.3313,125.1,203.9,125.1,-27.7,0.6258,0.0208,0.661,50.53,1.63
user01,106,tap,2,0.0554,44.9,310.4,48.5,311.7,0.6545,0.309,0.873,23.7,0.0
user01,107,long_press,21,2.1617,64.6,201.1,62.1,202.6,0.7034,0.048,0.758,32.6,0.0
user01,108,swipe_down,29,0.4836,60.5,295.0,60.5,687.9,0.7329,0.0236,0.773,41.94,1.31
user01,109,swipe_down,20,0.3446,105.7,405.9,105.7,645.7,0.7758,0.0254,0.815,43.86,1.42
user01,110,tap,2,0.0723,57.8,334.6,56.9,335.3,0.591,0.2786,0.788,21.7,0.0
user01,111,pinch_out,26,0.4477,170.9,372.4,170.9,160.2,0.6832,0.022,0.718,25.53,0.79
user01,112,tap,2,0.0731,150.2,200.2,152.6,200.0,0.6225,0.2934,0.83,35.8,0.0
user01,113,long_press,17,1.7849,129.5,622.1,127.8,623.4,0.6848,0.0323,0.722,36.5,0.0
user01,114,swipe_up,37,0.6274,163.0,426.8,163.0,92.2,0.766,0.0242,0.807,38.38,1.17
user01,115,pinch_in,34,0.5687,159.6,519.1,159.6,260.2,0.641,0.0204,0.674,47.42,1.46
user01,116,long_press,14,1.4705,49.1,429.0,50.2,427.5,0.7491,0.0254,0.778,29.4,0.0
user01,117,swipe_up,30,0.5018,166.5,415.7,166.5,187.8,0.6947,0.0224,0.73,33.23,1.03
user01,118,tap,2,0.0561,151.7,263.6,152.8,261.6,0.5535,0.2609,0.738,23.8,0.0
user01,119,swipe_down,16,0.28,73.6,585.2,73.6,856.1,0.714,0.0237,0.749,41.15,1.33
user01,120,long_press,18,1.8271,125.3,126.6,121.4,123.2,0.6396,0.0315,0.675,40.9,0.0
user01,121,double_tap,4,0.3081,147.7,694.8,147.8,692.4,0.639,0.246,0.852,40.9,0.0
user01,122,swipe_up,22,0.3792,140.6,413.2,140.6,182.1,0.7457,0.0243,0.783,47.26,1.5
user01,123,swipe_left,13,0.2307,154.2,386.1,-10.8,386.1,0.744,0.0255,0.786,53.52,1.81
user01,124,tap,2,0.048,192.8,205.2,193.0,208.3,0.5595,0.2638,0.746,34.4,0.0
user01,125,swipe_left,22,0.3813,187.6,293.9,-62.2,293.9,0.7706,0.025,0.809,44.34,1.43
user01,126,swipe_down,12,0.2078,45.2,502.1,45.2,684.0,0.708,0.0242,0.742,56.08,1.94
user01,127,long_press,15,1.533,160.2,526.0,163.0,523.3,0.7359,0.0261,0.766,32.6,0.0
user01,128,swipe_right,25,0.4283,103.5,324.7,380.1,324.7,0.6369,0.0206,0.672,43.63,1.37
user01,129,swipe_right,26,0.4418,66.7,447.8,379.3,447.8,0.719,0.0229,0.755,34.58,1.09
user01,130,swipe_down,17,0.2922,50.6,321.3,50.6,496.6,0.6961,0.0234,0.735,36.14,1.18
user01,131,double_tap,4,0.3369,40.6,405.7,43.6,404.1,0.589,0.2263,0.785,20.2,0.0
user01,132,swipe_right,28,0.4795,160.8,204.4,414.8,204.4,0.7357,0.0236,0.773,45.41,1.42
user01,133,tap,2,0.0413,33.3,255.9,33.6,255.9,0.582,0.2744,0.776,32.8,0.0
user01,134,swipe_up,20,0.3472,173.5,239.2,173.5,-32.8,0.5743,0.0188,0.603,54.42,1.74
user01,135,swipe_down,23,0.3984,97.1,383.8,97.1,730.0,0.6451,0.0209,0.681,24.07,0.78
user01,136,pinch_in,34,0.5672,104.4,301.9,104.4,-58.3,0.7747,0.0245,0.814,32.31,1.01
user01,137,swipe_up,26,0.4419,182.2,454.7,182.2,151.2,0.7601,0.0245,0.799,49.93,1.57
user01,138,swipe_up,21,0.3654,155.4,404.9,155.4,84.8,0.6238,0.0206,0.658,40.51,1.3
user01,139,swipe_up,28,0.4682,80.4,339.9,80.4,-3.8,0.6715,0.0216,0.706,34.52,1.09
user01,140,tap,2,0.0504,61.5,204.5,59.9,206.2,0.676,0.3182,0.901,32.1,0.0
user01,141,swipe_up,21,0.3598,65.0,248.6,65.0,-55.2,0.6518,0.0213,0.688,30.2,0.96
user01,142,double_tap,4,0.4659,139.5,418.2,142.7,417.1,0.6865,0.2638,0.915,26.0,0.0
user01,143,pinch_in,31,0.5247,103.5,375.8,103.5,72.5,0.6628,0.0211,0.699,31.21,0.97
user01,144,pinch_out,33,0.5624,139.8,314.4,139.8,-39.6,0.6797,0.0217,0.717,41.6,1.28
user01,145,pinch_in,29,0.4915,108.3,536.8,108.3,204.7,0.7549,0.0243,0.796,34.46,1.07
user01,146,double_tap,4,0.3944,141.5,206.5,143.0,208.6,0.6265,0.2408,0.835,30.4,0.0
user01,147,tap,2,0.0676,130.4,405.0,131.1,407.6,0.639,0.3012,0.852,18.7,0.0
user01,148,swipe_down,29,0.4991,71.9,490.6,71.9,888.5,0.6848,0.0221,0.722,39.98,1.24
user01,149,swipe_up,13,0.2222,154.6,446.4,154.6,249.4,0.6722,0.0234,0.71,41.81,1.43
user01,150,swipe_left,19,0.3199,30.9,504.4,-127.9,504.4,0.7182,0.0238,0.758,50.19,1.63
user01,151,double_tap,4,0.2523,64.4,674.8,59.3,679.2,0.536,0.2067,0.715,23.0,0.0
user01,152,swipe_right,37,0.6168,139.2,225.9,434.2,225.9,0.7826,0.0248,0.825,36.3,1.11
user01,153,tap,2,0.0657,125.3,462.1,126.9,461.0,0.74,0.3493,0.987,37.0,0.0
user01,154,tap,2,0.0698,43.1,135.1,44.5,129.6,0.6665,0.3147,0.889,26.0,0.0
user01,155,swipe_down,22,0.3672,45.1,288.2,45.1,587.8,0.6544,0.0214,0.687,27.11,0.86
user01,156,double_tap,4,0.3484,199.7,659.9,205.4,664.5,0.558,0.2148,0.744,42.4,0.0
user01,157,swipe_down,46,0.7782,118.1,319.5,118.1,704.7,0.6257,0.0197,0.658,36.48,1.11
user01,158,swipe_left,25,0.4321,173.1,274.4,-177.5,274.4,0.7672,0.025,0.809,38.74,1.22
user01,159,swipe_right,37,0.6173,114.4,374.7,446.8,374.7,0.6979,0.0222,0.736,41.58,1.27
user01,160,double_tap,4,0.3054,57.0,466.1,56.4,463.6,0.5905,0.2269,0.787,32.8,0.0
user01,161,double_tap,4,0.387,106.5,566.0,108.0,561.3,0.5625,0.2165,0.75,30.1,0.0
user01,162,double_tap,4,0.385,196.8,253.9,195.9,252.6,0.583,0.224,0.777,23.0,0.0
user01,163,swipe_left,35,0.5878,119.0,245.9,-246.1,245.9,0.7141,0.0227,0.753,48.16,1.49
user01,164,double_tap,4,0.3877,41.5,524.7,43.4,530.9,0.5675,0.2188,0.757,30.8,0.0
user01,165,swipe_up,14,0.2379,163.7,280.5,163.7,65.9,0.703,0.0236,0.737,35.54,1.18
user01,166,swipe_down,32,0.5346,118.3,282.0,118.3,651.4,0.7758,0.0247,0.815,34.78,1.07
user01,167,pinch_in,15,0.2569,161.2,210.9,161.2,44.6,0.7329,0.0248,0.774,42.26,1.41
user01,168,swipe_right,27,0.4521,114.6,242.2,428.8,242.2,0.7062,0.0228,0.745,46.25,1.45
user01,169,long_press,18,1.8718,96.7,567.1,95.0,564.2,0.5807,0.0301,0.615,39.1,0.0
user01,170,long_press,20,2.0272,171.2,424.3,170.0,424.7,0.7295,0.0443,0.779,31.2,0.0
user01,171,pinch_in,21,0.3606,184.2,468.3,184.2,178.2,0.7435,0.0245,0.785,31.66,1.03
user01,172,swipe_up,17,0.2987,177.0,418.7,177.0,173.6,0.5904,0.0198,0.623,24.24,0.8
user01,173,pinch_out,33,0.5617,175.9,316.9,175.9,-60.8,0.6405,0.0204,0.675,38.6,1.2
user01,174,double_tap,4,0.3723,166.8,110.8,167.1,105.1,0.6315,0.2431,0.842,36.1,0.0
user01,175,tap,2,0.0788,80.5,280.0,80.3,279.6,0.595,0.28,0.793,36.5,0.0
user01,176,long_press,18,1.8688,37.6,450.1,34.0,448.3,0.6511,0.0337,0.689,38.0,0.0
user01,177,tap,2,0.0499,30.9,104.6,31.6,107.3,0.576,0.2715,0.768,28.2,0.0
user01,178,tap,2,0.0483,79.9,659.1,80.4,659.3,0.57,0.2687,0.76,29.0,0.0
user01,179,pinch_in,33,0.5666,198.8,252.6,198.8,33.9,0.8235,0.0263,0.868,39.71,1.23
user01,180,swipe_right,48,0.8126,133.3,323.7,489.3,323.7,0.5994,0.0188,0.63,42.02,1.27
user01,181,pinch_out,23,0.3891,73.8,223.8,73.8,-77.1,0.6696,0.0218,0.706,41.13,1.3
user01,182,double_tap,4,0.3666,49.5,330.3,50.0,331.6,0.5005,0.1923,0.667,25.5,0.0
user01,183,tap,2,0.0632,91.5,456.2,92.8,456.3,0.6205,0.292,0.827,35.2,0.0
user01,184,swipe_down,29,0.4975,80.2,394.4,80.2,688.7,0.6989,0.0224,0.737,38.67,1.23
user01,185,swipe_up,26,0.447,140.9,538.2,140.9,215.1,0.6346,0.0205,0.667,48.93,1.54
user01,186,swipe_right,27,0.4558,82.1,515.6,343.7,515.6,0.6241,0.0202,0.658,46.51,1.45
user01,187,long_press,19,1.958,167.2,616.5,169.4,615.6,0.6859,0.0392,0.73,43.1,0.0
user01,188,tap,2,0.0413,170.5,690.4,171.6,686.3,0.5925,0.2793,0.79,20.1,0.0
user01,189,swipe_down,13,0.2259,104.9,320.9,104.9,535.8,0.8427,0.0292,0.891,44.45,1.5
user01,190,swipe_down,22,0.3748,75.9,586.6,75.9,876.0,0.6897,0.0223,0.724,36.81,1.18
user01,191,swipe_left,43,0.7325,113.1,360.7,-285.3,360.7,0.7167,0.0226,0.755,54.6,1.66
user01,192,pinch_in,26,0.4394,135.5,280.5,135.5,31.7,0.7718,0.0248,0.811,53.74,1.69
user01,193,swipe_up,10,0.1686,120.7,548.0,120.7,365.3,0.6018,0.0212,0.63,41.72,1.5
user01,194,long_press,17,1.7253,51.8,576.5,50.1,577.1,0.7339,0.0321,0.771,41.9,0.0
user01,195,swipe_left,27,0.4614,192.8,203.5,-206.7,203.5,0.6666,0.0215,0.703,33.89,1.07
user01,196,tap,2,0.0671,170.8,276.8,171.7,275.6,0.575,0.2715,0.767,33.6,0.0
user01,197,double_tap,4,0.3298,142.0,559.7,139.6,558.7,0.6275,0.2419,0.837,37.3,0.0
user01,198,long_press,17,1.7066,190.8,145.6,191.9,143.7,0.7066,0.0301,0.741,41.8,0.0
user01,199,tap,2,0.0379,54.3,565.2,52.9,564.4,0.6795,0.3203,0.906,30.1,0.0
user02,0,swipe_left,16,0.2667,204.1,537.1,-24.3,537.1,0.7576,0.0253,0.795,28.86,0.97
user02,1,long_press,10,1.0655,328.3,363.3,326.2,360.0,0.6914,0.025,0.714,27.7,0.0
user02,2,swipe_right,13,0.2319,314.4,540.1,517.4,540.1,0.7025,0.0242,0.742,26.91,0.92
user02,3,tap,2,0.0448,244.5,628.1,241.3,629.7,0.6675,0.3147,0.89,30.8,0.0
user02,4,swipe_down,12,0.2051,229.0,485.3,229.0,685.1,0.7432,0.0256,0.779,43.25,1.49
user02,5,pinch_in,20,0.337,161.6,244.6,161.6,-34.4,0.672,0.0221,0.706,16.67,0.54
user02,6,swipe_left,21,0.3648,230.9,412.4,-67.9,412.4,0.6613,0.0218,0.698,29.49,0.94
user02,7,swipe_up,18,0.301,253.8,471.0,253.8,243.1,0.7327,0.0243,0.769,31.34,1.01
user02,8,double_tap,4,0.426,304.6,412.8,306.6,414.8,0.61,0.2344,0.813,25.9,0.0
user02,9,swipe_right,12,0.2018,299.5,389.5,463.9,389.5,0.6725,0.0232,0.705,30.65,1.04
user02,10,pinch_out,17,0.2971,342.6,230.2,342.6,-11.2,0.7104,0.0239,0.75,34.26,1.12
user02,11,swipe_down,23,0.3996,265.7,258.8,265.7,611.6,0.6964,0.0227,0.735,45.6,1.44
user02,12,tap,2,0.0427,227.6,504.5,227.2,505.4,0.637,0.2998,0.849,15.8,0.0
user02,13,swipe_right,13,0.2283,341.6,411.9,552.1,411.9,0.7355,0.0251,0.777,20.08,0.67
user02,14,tap,2,0.05,285.9,145.7,290.3,142.0,0.613,0.2885,0.817,32.5,0.0
user02,15,swipe_right,28,0.4703,342.1,278.8,730.0,278.8,0.6989,0.0224,0.734,27.24,0.84
user02,16,pinch_out,10,0.1797,237.4,437.4,237.4,269.2,0.639,0.0224,0.669,36.66,1.3
user02,17,tap,2,0.0497,346.2,214.1,347.2,217.7,0.6325,0.2977,0.843,24.2,0.0
user02,18,swipe_left,23,0.384,182.5,426.0,-160.4,426.0,0.77,0.0251,0.812,44.44,1.4
user02,19,tap,2,0.0642,152.4,105.4,149.9,104.0,0.639,0.3012,0.852,21.9,0.0
user02,20,long_press,9,0.901,298.9,156.9,294.0,158.3,0.676,0.0255,0.7,25.6,0.0
user02,21,swipe_down,21,0.3607,206.5,580.2,206.5,875.6,0.7115,0.0233,0.751,34.11,1.07
user02,22,swipe_right,16,0.2668,301.8,313.0,540.0,313.0,0.7329,0.0244,0.769,60.0,2.0
user02,23,pinch_in,12,0.2002,190.9,436.5,190.9,239.9,0.691,0.0236,0.724,27.9,0.96
user02,24,swipe_left,32,0.5416,164.2,227.6,-221.0,227.6,0.6947,0.0221,0.73,36.61,1.13
user02,25,tap,2,0.0689,231.9,586.5,233.4,584.6,0.6015,0.2835,0.802,33.7,0.0
user02,26,pinch_in,11,0.1963,235.0,215.0,235.0,33.1,0.632,0.0223,0.668,35.15,1.24
user02,27,double_tap,4,0.3086,150.0,349.9,144.8,347.9,0.595,0.2286,0.793,24.4,0.0
user02,28,swipe_left,24,0.4164,330.4,522.7,-65.8,522.7,0.735,0.0237,0.772,26.9,0.84
user02,29,double_tap,4,0.42,228.6,454.4,229.0,449.6,0.5795,0.2234,0.773,18.0,0.0
user02,30,double_tap,4,0.4885,301.8,161.5,307.2,162.2,0.645,0.2483,0.86,44.2,0.0
user02,31,double_tap,4,0.456,322.3,264.4,322.6,257.3,0.635,0.2448,0.847,18.6,0.0
user02,32,swipe_down,23,0.3999,226.9,210.1,226.9,569.8,0.74,0.0241,0.781,40.93,1.3
user02,33,swipe_up,11,0.1988,259.3,586.8,259.3,423.9,0.693,0.0245,0.733,41.25,1.45
user02,34,tap,2,0.051,293.7,617.6,289.4,619.8,0.6375,0.3005,0.85,29.0,0.0
user02,35,swipe_down,21,0.3638,309.3,300.2,309.3,606.4,0.6663,0.0218,0.703,35.86,1.16
user02,36,tap,2,0.0497,316.6,643.7,314.6,641.4,0.6455,0.3048,0.861,24.7,0.0
user02,37,swipe_left,16,0.2703,163.7,513.5,-57.8,513.5,0.757,0.0252,0.794,25.04,0.85
user02,38,swipe_right,23,0.3905,161.3,349.6,547.4,349.6,0.662,0.0215,0.698,45.1,1.44
user02,39,tap,2,0.0523,284.3,479.4,284.8,477.4,0.606,0.2857,0.808,10.6,0.0
user02,40,swipe_right,17,0.295,344.1,245.3,595.0,245.3,0.6524,0.0218,0.689,32.64,1.07
user02,41,double_tap,4,0.3655,290.9,353.6,291.2,354.8,0.5805,0.2234,0.774,10.0,0.0
user02,42,swipe_up,10,0.1761,279.7,307.0,279.7,153.2,0.696,0.0244,0.729,49.56,1.77
user02,43,pinch_out,14,0.2334,291.3,444.0,291.3,215.8,0.7439,0.0251,0.78,19.47,0.65
user02,44,swipe_left,20,0.3388,190.5,435.0,-134.8,435.0,0.7211,0.0237,0.758,37.73,1.2
user02,45,double_tap,4,0.4587,231.6,109.2,228.6,109.2,0.63,0.2425,0.84,10.0,0.0
user02,46,swipe_up,17,0.2893,236.8,303.5,236.8,44.9,0.7231,0.0242,0.764,33.83,1.14
user02,47,double_tap,4,0.4376,151.8,453.7,156.9,452.8,0.6715,0.2581,0.895,37.1,0.0
user02,48,tap,2,0.0579,284.6,148.7,286.1,149.7,0.635,0.2998,0.847,28.8,0.0
user02,49,double_tap,4,0.2908,297.6,412.9,296.8,416.2,0.576,0.2217,0.768,22.1,0.0
user02,50,swipe_right,16,0.2775,291.1,371.0,551.7,371.0,0.6518,0.0216,0.684,39.21,1.3
user02,51,tap,2,0.0526,337.3,138.4,337.2,138.5,0.5995,0.2821,0.799,32.7,0.0
user02,52,swipe_up,18,0.3166,171.1,505.8,171.1,253.4,0.7437,0.0245,0.781,31.61,1.03
user02,53,tap,2,0.0586,202.0,195.7,202.4,194.3,0.6365,0.3005,0.849,13.5,0.0
user02,54,swipe_left,15,0.2595,253.0,414.2,13.8,414.2,0.6627,0.0225,0.7,22.95,0.77
user02,55,swipe_left,15,0.2565,340.6,330.7,102.0,330.7,0.7329,0.0248,0.774,37.66,1.25
user02,56,tap,2,0.0473,338.2,625.8,338.6,631.8,0.6095,0.2878,0.813,21.7,0.0
user02,57,swipe_down,19,0.3265,299.7,375.7,299.7,678.3,0.7462,0.0247,0.788,33.69,1.09
user02,58,swipe_down,11,0.1965,288.8,291.8,288.8,471.2,0.6658,0.0235,0.704,37.45,1.33
user02,59,swipe_down,13,0.226,220.9,242.1,220.9,447.7,0.7838,0.0271,0.828,28.76,0.97
user02,60,tap,2,0.0503,271.6,247.2,270.1,245.8,0.6325,0.2977,0.843,22.5,0.0
user02,61,pinch_out,20,0.339,258.2,478.6,258.2,153.0,0.7996,0.0264,0.84,14.8,0.47
user02,62,swipe_down,21,0.3542,324.1,452.6,324.1,735.7,0.5966,0.0196,0.63,31.86,1.03
user02,63,swipe_up,17,0.2909,288.4,282.5,288.4,34.5,0.7205,0.0241,0.761,22.21,0.71
user02,64,pinch_in,23,0.3952,233.9,207.2,233.9,-140.9,0.7117,0.0232,0.751,16.31,0.51
user02,65,swipe_up,18,0.3154,200.7,204.0,200.7,-126.9,0.6617,0.0219,0.695,47.49,1.56
user02,66,tap,2,0.071,317.2,592.8,319.4,591.6,0.652,0.3069,0.869,23.5,0.0
user02,67,swipe_right,22,0.3805,165.1,355.1,516.0,355.1,0.697,0.0227,0.732,30.86,0.98
user02,68,pinch_in,10,0.1735,258.4,587.2,258.4,420.6,0.6956,0.0243,0.728,41.76,1.49
user02,69,tap,2,0.0447,164.8,325.3,163.4,322.8,0.608,0.2871,0.811,37.6,0.0
user02,70,swipe_up,23,0.398,294.5,462.7,294.5,135.5,0.6841,0.0223,0.722,10.61,0.35
user02,71,swipe_up,18,0.3055,310.9,509.1,310.9,222.0,0.6606,0.0217,0.693,29.67,0.97
user02,72,swipe_up,23,0.3883,306.4,500.7,306.4,149.9,0.7298,0.0238,0.77,47.45,1.51
user02,73,tap,2,0.052,178.1,502.7,177.1,503.3,0.666,0.314,0.888,31.1,0.0
user02,74,pinch_in,19,0.3171,280.8,555.7,280.8,260.9,0.7331,0.0244,0.774,47.27,1.52
user02,75,tap,2,0.0498,181.3,384.4,179.3,382.8,0.5845,0.2751,0.779,33.4,0.0
user02,76,swipe_right,22,0.3744,187.6,230.8,511.6,230.8,0.7105,0.0231,0.746,41.49,1.33
user02,77,swipe_right,24,0.4129,288.5,305.6,673.2,305.6,0.7545,0.0247,0.793,24.79,0.77
user02,78,tap,2,0.0462,214.9,261.7,215.8,259.0,0.647,0.3055,0.863,30.0,0.0
user02,79,swipe_left,20,0.3377,187.5,235.4,-137.2,235.4,0.7329,0.024,0.77,39.45,1.27
user02,80,swipe_right,23,0.391,201.9,213.5,571.7,213.5,0.6903,0.0226,0.728,31.13,0.99
user02,81,swipe_left,15,0.2647,329.6,555.2,98.3,555.2,0.712,0.0241,0.752,18.55,0.62
user02,82,pinch_in,10,0.1794,265.3,226.9,265.3,53.2,0.6874,0.0243,0.72,38.6,1.38
user02,83,pinch_out,9,0.1654,349.5,296.6,349.5,136.5,0.6729,0.0249,0.712,35.61,1.33
user02,84,swipe_right,20,0.3404,263.2,325.1,576.8,325.1,0.762,0.025,0.8,25.42,0.82
user02,85,swipe_down,18,0.3035,274.9,545.8,274.9,842.5,0.7366,0.0244,0.773,43.29,1.42
user02,86,tap,2,0.0514,348.1,554.0,345.4,552.9,0.687,0.3239,0.916,41.9,0.0
user02,87,tap,2,0.0642,335.6,657.5,337.4,656.3,0.6305,0.2977,0.841,10.0,0.0
user02,88,swipe_right,12,0.2107,224.6,576.7,416.5,576.7,0.7593,0.0261,0.796,44.27,1.56
user02,89,tap,2,0.0616,288.2,518.3,286.1,515.9,0.5735,0.2708,0.765,32.8,0.0
user02,90,double_tap,4,0.4194,241.0,500.7,242.7,493.1,0.631,0.2425,0.841,20.6,0.0
user02,91,swipe_down,20,0.3361,334.3,433.3,334.3,731.5,0.6386,0.0208,0.671,37.59,1.21
user02,92,swipe_left,14,0.2361,326.6,463.6,123.8,463.6,0.7024,0.0237,0.737,41.74,1.4
user02,93,pinch_in,22,0.3819,297.5,314.6,297.5,-36.1,0.7029,0.0228,0.738,34.09,1.1
user02,94,pinch_out,10,0.1813,162.5,334.1,162.5,167.4,0.7106,0.0249,0.744,44.46,1.58
user02,95,pinch_out,16,0.2747,337.6,234.0,337.6,-12.4,0.7239,0.0242,0.76,35.1,1.17
user02,96,swipe_up,12,0.2155,170.2,267.0,170.2,80.2,0.6783,0.0234,0.711,13.27,0.48
user02,97,pinch_out,15,0.2524,309.7,330.5,309.7,105.7,0.6361,0.0216,0.672,26.82,0.9
user02,98,swipe_down,23,0.3992,162.5,284.2,162.5,636.5,0.6852,0.0223,0.723,46.52,1.46
user02,99,swipe_down,19,0.3226,181.0,233.1,181.0,504.2,0.7476,0.0248,0.789,27.74,0.88
user02,100,swipe_left,18,0.3127,251.1,257.6,-54.9,257.6,0.722,0.0239,0.758,34.34,1.11
user02,101,swipe_left,25,0.421,241.9,322.6,-113.7,322.6,0.6738,0.0218,0.711,31.56,0.99
user02,102,swipe_up,26,0.4363,283.4,510.8,283.4,145.3,0.6103,0.0196,0.641,37.66,1.19
user02,103,swipe_left,14,0.2442,347.9,555.8,105.0,555.8,0.7614,0.0258,0.799,33.23,1.13
user02,104,swipe_down,21,0.3657,317.6,344.6,317.6,709.5,0.7068,0.0232,0.746,10.62,0.34
user02,105,swipe_right,14,0.2422,302.5,250.4,501.6,250.4,0.6863,0.0232,0.72,10.74,0.38
user02,106,pinch_out,18,0.3138,278.9,291.9,278.9,3.8,0.6556,0.0217,0.688,28.03,0.91
user02,107,swipe_right,12,0.2087,264.2,274.1,483.8,274.1,0.67,0.0227,0.702,36.03,1.23
user02,108,swipe_down,12,0.2001,344.0,428.5,344.0,614.3,0.6898,0.0236,0.723,35.82,1.22
user02,109,swipe_right,24,0.4045,167.4,422.7,528.7,422.7,0.6872,0.0222,0.722,44.66,1.41
user02,110,long_press,8,0.8421,185.8,504.1,186.4,506.0,0.6921,0.0269,0.718,23.2,0.0
user02,111,swipe_down,23,0.3837,269.4,599.8,269.4,942.2,0.5918,0.0193,0.624,26.47,0.82
user02,112,swipe_right,18,0.3145,273.0,564.2,550.5,564.2,0.726,0.0239,0.762,33.32,1.1
user02,113,tap,2,0.0767,160.0,120.9,159.5,121.5,0.5455,0.2567,0.727,10.0,0.0
user02,114,swipe_up,17,0.2996,206.2,269.4,206.2,24.5,0.6965,0.0233,0.735,34.46,1.12
user02,115,long_press,8,0.825,229.5,548.8,226.7,552.2,0.6825,0.0263,0.708,33.3,0.0
user02,116,long_press,10,1.0895,341.6,630.0,341.7,629.5,0.6865,0.0243,0.708,39.7,0.0
user02,117,swipe_right,11,0.1976,288.2,308.7,485.9,308.7,0.6966,0.0247,0.737,38.05,1.33
user02,118,swipe_down,15,0.2624,207.6,397.1,207.6,622.1,0.6283,0.0214,0.664,34.23,1.16
user02,119,tap,2,0.0455,236.8,198.6,236.2,200.1,0.6765,0.3189,0.902,25.2,0.0
user02,120,double_tap,4,0.3595,281.7,658.9,278.3,666.2,0.627,0.2413,0.836,36.9,0.0
user02,121,swipe_up,19,0.3202,170.7,269.0,170.7,-23.0,0.6802,0.0224,0.718,36.36,1.18
user02,122,swipe_left,9,0.1602,219.5,220.1,56.3,220.1,0.7049,0.026,0.746,36.51,1.33
user02,123,double_tap,4,0.3699,241.6,235.9,245.0,234.4,0.57,0.2194,0.76,30.6,0.0
user02,124,swipe_left,26,0.4343,226.2,523.4,-129.7,523.4,0.5881,0.019,0.618,27.0,0.85
user02,125,swipe_right,24,0.4104,336.5,247.5,719.9,247.5,0.6297,0.0203,0.661,27.66,0.87
user02,126,double_tap,4,0.4235,256.3,119.6,253.4,119.0,0.5335,0.205,0.711,17.3,0.0
user02,127,tap,2,0.0321,337.7,497.1,340.0,497.9,0.6105,0.2878,0.814,17.6,0.0
user02,128,tap,2,0.0481,224.7,253.2,228.2,251.5,0.633,0.2984,0.844,21.1,0.0
user02,129,tap,2,0.0433,164.0,337.2,163.4,337.5,0.605,0.2857,0.807,20.5,0.0
user02,130,swipe_down,23,0.387,341.6,288.2,341.6,659.7,0.7857,0.0255,0.829,32.02,1.02
user02,131,pinch_out,20,0.3486,300.5,412.5,300.5,93.2,0.7396,0.0242,0.777,18.2,0.57
user02,132,swipe_right,17,0.2856,179.3,533.2,464.4,533.2,0.7429,0.0249,0.784,37.74,1.24
user02,133,long_press,9,0.9029,238.1,324.5,237.9,326.3,0.7156,0.0271,0.741,33.1,0.0
user02,134,pinch_out,18,0.3103,194.5,322.9,194.5,36.3,0.7287,0.0243,0.765,19.46,0.63
user02,135,swipe_right,16,0.2804,329.6,233.7,577.9,233.7,0.6946,0.0232,0.729,47.81,1.57
user02,136,swipe_up,24,0.4089,196.8,209.5,196.8,-149.3,0.6613,0.0216,0.695,35.52,1.13
user02,137,pinch_out,16,0.2811,157.9,429.6,157.9,181.4,0.6875,0.0228,0.721,25.44,0.85
user02,138,swipe_up,10,0.1783,307.5,322.6,307.5,162.5,0.6998,0.0246,0.733,32.04,1.14
user02,139,tap,2,0.0454,229.5,684.3,231.4,683.8,0.559,0.263,0.745,27.5,0.0
user02,140,tap,2,0.0624,160.1,355.7,158.7,354.2,0.645,0.3041,0.86,28.4,0.0
user02,141,long_press,10,1.0497,334.9,157.2,334.8,158.0,0.6383,0.0231,0.659,23.8,0.0
user02,142,swipe_left,22,0.3784,232.3,296.2,-85.8,296.2,0.6668,0.0217,0.7,23.75,0.75
user02,143,long_press,7,0.7582,286.6,592.8,281.8,594.1,0.6713,0.0263,0.699,26.7,0.0
user02,144,pinch_out,9,0.166,261.2,511.8,261.2,357.8,0.7474,0.0277,0.791,37.49,1.36
user02,145,long_press,10,1.0315,157.4,633.3,158.5,633.5,0.7546,0.0274,0.779,22.7,0.0
user02,146,pinch_in,16,0.2729,152.7,232.6,152.7,18.0,0.6912,0.023,0.725,10.6,0.36
user02,147,swipe_up,27,0.4635,209.2,465.5,209.2,74.2,0.7927,0.0256,0.836,18.13,0.56
user02,148,swipe_up,10,0.1831,262.8,400.1,262.8,232.8,0.7154,0.0249,0.749,41.72,1.5
user02,149,swipe_up,16,0.2753,178.7,485.9,178.7,262.5,0.7548,0.0251,0.792,29.94,0.99
user02,150,tap,2,0.0691,289.6,640.2,290.3,640.5,0.6445,0.3033,0.859,30.5,0.0
user02,151,swipe_left,14,0.2457,153.2,491.5,-77.6,491.5,0.66,0.0221,0.692,44.76,1.5
user02,152,tap,2,0.0603,261.3,305.6,264.4,304.3,0.677,0.3196,0.903,16.3,0.0
user02,153,double_tap,4,0.4452,173.6,100.0,167.2,102.6,0.587,0.2263,0.783,37.7,0.0
user02,154,tap,2,0.0567,227.7,244.2,228.3,246.3,0.6085,0.2864,0.811,17.7,0.0
user02,155,pinch_out,16,0.2759,215.4,322.3,215.4,71.6,0.7641,0.0256,0.802,35.4,1.17
user02,156,tap,2,0.0595,286.4,289.1,284.4,291.3,0.6295,0.2963,0.839,14.5,0.0
user02,157,double_tap,4,0.4759,324.6,400.0,323.9,407.6,0.654,0.2517,0.872,31.5,0.0
user02,158,tap,2,0.0467,167.2,134.2,164.1,134.7,0.596,0.2814,0.795,26.0,0.0
user02,159,tap,2,0.0475,314.0,124.9,311.9,126.6,0.6855,0.3231,0.914,23.8,0.0
user02,160,long_press,6,0.6458,264.6,537.9,266.2,540.5,0.7253,0.028,0.757,44.2,0.0
user02,161,swipe_right,18,0.3019,162.4,335.7,438.9,335.7,0.6674,0.0221,0.701,30.86,0.99
user02,162,swipe_down,24,0.402,230.1,246.1,230.1,616.9,0.6212,0.0201,0.653,24.48,0.77
user02,163,swipe_right,23,0.3885,162.3,525.5,547.4,525.5,0.662,0.0215,0.698,53.21,1.68
user02,164,tap,2,0.0508,340.9,190.9,337.3,193.8,0.5915,0.2793,0.789,48.7,0.0
user02,165,swipe_left,19,0.3244,191.8,223.4,-96.3,223.4,0.6684,0.0221,0.705,37.23,1.22
user02,166,tap,2,0.0506,324.4,446.2,322.8,446.3,0.5935,0.2793,0.791,35.2,0.0
user02,167,tap,2,0.0545,331.6,337.8,329.3,336.3,0.592,0.2786,0.789,19.6,0.0
user02,168,pinch_out,17,0.2948,315.7,232.1,315.7,-37.1,0.7313,0.0244,0.772,47.76,1.57
user02,169,tap,2,0.062,315.7,570.1,310.7,571.4,0.6245,0.2949,0.833,23.0,0.0
user02,170,tap,2,0.0667,246.3,585.8,245.9,583.7,0.6225,0.2934,0.83,18.0,0.0
user02,171,tap,2,0.0423,226.2,132.7,225.1,131.5,0.6465,0.3048,0.862,26.1,0.0
user02,172,long_press,8,0.8024,317.2,453.1,313.0,453.0,0.7175,0.0276,0.746,41.5,0.0
user02,173,tap,2,0.0516,166.0,365.1,163.5,364.8,0.605,0.2857,0.807,19.8,0.0
user02,174,tap,2,0.0592,246.7,329.7,245.2,329.7,0.599,0.2828,0.799,22.0,0.0
user02,175,swipe_up,10,0.1749,342.0,219.5,342.0,45.0,0.7888,0.0276,0.826,33.38,1.18
user02,176,swipe_up,24,0.4024,279.1,218.2,279.1,-168.3,0.7177,0.0233,0.754,17.47,0.56
user02,177,long_press,9,0.9247,207.7,145.2,206.9,145.8,0.7201,0.027,0.745,29.2,0.0
user02,178,swipe_down,25,0.4268,259.4,390.0,259.4,770.6,0.737,0.0237,0.777,43.0,1.34
user02,179,swipe_up,17,0.2926,316.1,289.9,316.1,40.0,0.6532,0.0218,0.69,37.18,1.21
user02,180,swipe_right,19,0.3331,296.2,368.0,590.8,368.0,0.6841,0.0226,0.722,43.35,1.39
user02,181,long_press,8,0.8642,309.2,616.5,308.2,618.1,0.7296,0.0282,0.756,26.3,0.0
user02,182,swipe_right,10,0.1702,192.0,496.9,348.3,496.9,0.7974,0.0279,0.835,48.74,1.76
user02,183,swipe_left,21,0.362,263.5,518.5,-70.3,518.5,0.7724,0.0253,0.815,41.25,1.32
user02,184,tap,2,0.0391,247.6,179.9,248.3,184.9,0.5815,0.2737,0.775,18.6,0.0
user02,185,swipe_left,25,0.4265,154.8,433.9,-230.6,433.9,0.7004,0.0228,0.739,42.51,1.33
user02,186,swipe_down,17,0.2951,275.1,420.2,275.1,672.1,0.6712,0.0224,0.709,31.15,1.02
user02,187,tap,2,0.0713,329.3,217.8,330.1,220.9,0.65,0.3069,0.867,25.9,0.0
user02,188,pinch_in,14,0.2408,203.8,279.5,203.8,67.7,0.6543,0.0222,0.686,34.84,1.18
user02,189,swipe_left,11,0.1889,166.3,235.1,-26.6,235.1,0.7655,0.027,0.81,52.25,1.83
user02,190,tap,2,0.0525,192.8,270.0,194.9,271.2,0.5765,0.2722,0.769,36.5,0.0
user02,191,pinch_out,26,0.4447,285.8,572.7,285.8,173.5,0.7532,0.0243,0.791,52.26,1.63
user02,192,double_tap,4,0.4011,207.4,627.9,209.7,630.2,0.6435,0.2477,0.858,21.2,0.0
user02,193,swipe_left,24,0.405,345.3,458.2,-38.3,458.2,0.652,0.0212,0.685,27.37,0.86
user02,194,swipe_left,18,0.3118,284.3,491.7,-9.4,491.7,0.7411,0.0246,0.778,21.23,0.69
user02,195,swipe_down,22,0.3788,235.5,458.1,235.5,794.4,0.6248,0.0203,0.656,32.34,1.03
user02,196,swipe_down,24,0.4129,331.9,348.1,331.9,685.9,0.6828,0.0221,0.717,38.22,1.22
user02,197,pinch_in,16,0.2704,341.3,350.7,341.3,115.9,0.6946,0.0232,0.729,35.76,1.2
user02,198,swipe_up,15,0.2658,311.8,550.2,311.8,324.6,0.7079,0.024,0.748,23.11,0.77
user02,199,long_press,7,0.7491,321.7,559.3,322.5,559.7,0.6704,0.026,0.698,34.5,0.0
user03,0,swipe_right,17,0.2926,123.3,275.7,453.4,275.7,0.8023,0.027,0.847,73.61,2.42
user03,1,tap,2,0.1631,132.7,376.5,131.5,377.2,0.6645,0.3132,0.886,56.9,0.0
user03,2,long_press,7,0.7641,144.6,519.6,144.1,516.1,0.8087,0.0316,0.842,61.3,0.0
user03,3,swipe_left,15,0.2638,179.6,402.2,-97.4,402.2,0.6931,0.0236,0.732,81.54,2.72
user03,4,swipe_down,10,0.1694,101.8,514.0,101.8,713.0,0.7536,0.0264,0.789,48.56,1.72
user03,5,long_press,8,0.8214,140.4,353.9,140.1,352.5,0.8365,0.0321,0.868,44.7,0.0
user03,6,swipe_up,9,0.1622,152.2,244.2,152.2,85.3,0.775,0.0289,0.821,87.66,3.21
user03,7,pinch_out,18,0.3076,88.0,377.7,88.0,58.8,0.808,0.0266,0.848,63.24,2.05
user03,8,tap,2,0.1614,176.4,619.6,176.4,618.0,0.679,0.3196,0.905,51.9,0.0
user03,9,tap,2,0.1346,198.7,614.5,195.8,613.5,0.6915,0.326,0.922,55.8,0.0
user03,10,long_press,5,0.5243,88.1,593.8,85.6,597.2,0.7492,0.0275,0.781,55.8,0.0
user03,11,swipe_down,10,0.1777,42.0,563.8,42.0,761.3,0.7442,0.0261,0.779,73.14,2.61
user03,12,long_press,11,1.1924,122.7,145.8,122.4,146.5,0.7835,0.0266,0.809,68.0,0.0
user03,13,swipe_up,17,0.2864,191.1,256.5,191.1,-84.4,0.7606,0.0254,0.803,53.55,1.76
user03,14,swipe_up,9,0.1618,136.7,276.8,136.7,90.3,0.7752,0.0285,0.821,60.11,2.21
user03,15,pinch_out,10,0.1825,41.7,333.9,41.7,105.5,0.804,0.0283,0.842,75.26,2.68
user03,16,tap,2,0.1223,90.5,189.1,89.9,187.9,0.7005,0.3302,0.934,56.9,0.0
user03,17,swipe_left,19,0.324,148.3,345.0,-207.7,345.0,0.8064,0.0267,0.851,91.2,2.96
user03,18,swipe_down,15,0.2537,146.3,210.1,146.3,532.7,0.7675,0.0261,0.811,64.79,2.16
user03,19,swipe_left,8,0.1393,70.9,354.7,-99.2,354.7,0.7728,0.0279,0.808,61.25,2.28
user03,20,swipe_down,10,0.1711,82.3,570.4,82.3,760.8,0.762,0.0268,0.798,55.04,1.95
user03,21,pinch_out,15,0.2502,122.9,553.8,122.9,265.3,0.7909,0.0266,0.835,58.49,1.95
user03,22,tap,2,0.1919,63.2,199.7,61.9,200.5,0.667,0.314,0.889,59.6,0.0
user03,23,double_tap,4,0.5175,131.6,628.5,133.2,621.9,0.669,0.2575,0.892,33.2,0.0
user03,24,pinch_in,13,0.226,168.0,336.7,168.0,78.3,0.815,0.0282,0.861,74.31,2.54
user03,25,long_press,10,1.0354,92.7,575.9,87.9,576.5,0.794,0.0287,0.82,72.3,0.0
user03,26,double_tap,4,0.5422,72.9,368.0,77.5,370.7,0.6945,0.2673,0.926,48.9,0.0
user03,27,pinch_out,18,0.3072,140.2,227.4,140.2,-147.0,0.718,0.0239,0.754,80.54,2.63
user03,28,swipe_up,11,0.1897,110.5,541.8,110.5,306.8,0.7544,0.0269,0.798,47.37,1.67
user03,29,pinch_in,12,0.2014,174.1,272.7,174.1,15.1,0.7735,0.0268,0.811,67.13,2.3
user03,30,swipe_down,11,0.195,66.0,216.6,66.0,447.1,0.8237,0.0292,0.871,53.67,1.88
user03,31,tap,2,0.1491,175.8,500.2,176.5,500.5,0.6845,0.3231,0.913,59.5,0.0
user03,32,tap,2,0.1611,74.0,131.7,70.2,135.7,0.6585,0.3104,0.878,56.7,0.0
user03,33,swipe_down,18,0.3017,194.9,491.1,194.9,871.7,0.8141,0.0267,0.855,49.47,1.61
user03,34,double_tap,4,0.6243,130.6,215.2,129.0,216.7,0.698,0.269,0.931,70.9,0.0
user03,35,swipe_up,17,0.2919,124.9,338.8,124.9,-44.4,0.7496,0.0253,0.791,46.92,1.54
user03,36,pinch_in,14,0.2403,155.3,214.7,155.3,-54.0,0.7116,0.024,0.746,69.47,2.33
user03,37,swipe_left,14,0.2353,195.3,407.2,-108.2,407.2,0.7817,0.0263,0.82,57.71,1.94
user03,38,swipe_down,18,0.3114,42.7,242.5,42.7,601.8,0.6938,0.0229,0.728,60.88,1.99
user03,39,swipe_down,18,0.3095,36.2,221.1,36.2,579.6,0.7312,0.0242,0.768,56.19,1.84
user03,40,swipe_up,13,0.2178,173.5,305.0,173.5,49.5,0.769,0.0267,0.813,61.48,2.09
user03,41,swipe_up,10,0.1813,83.6,242.6,83.6,0.9,0.7288,0.0256,0.763,44.66,1.58
user03,42,swipe_up,12,0.2163,78.5,452.3,78.5,188.4,0.8168,0.0279,0.856,79.58,2.77
user03,43,tap,2,0.151,158.8,269.2,157.4,269.6,0.684,0.3224,0.912,49.5,0.0
user03,44,tap,2,0.1864,72.5,306.0,70.6,306.0,0.69,0.3253,0.92,54.6,0.0
user03,45,swipe_up,15,0.256,146.1,573.0,146.1,279.1,0.7829,0.0266,0.827,59.41,1.99
user03,46,swipe_down,15,0.2665,99.1,551.9,99.1,864.1,0.8139,0.0276,0.86,75.01,2.51
user03,47,pinch_in,17,0.2957,184.5,504.2,184.5,185.1,0.7812,0.0263,0.825,56.09,1.83
user03,48,swipe_left,16,0.2752,110.6,290.3,-193.5,290.3,0.7882,0.0264,0.827,59.86,1.98
user03,49,swipe_up,13,0.2275,64.6,507.6,64.6,251.2,0.7132,0.0248,0.754,63.98,2.2
user03,50,tap,2,0.1449,33.6,120.7,35.3,120.8,0.6655,0.3132,0.887,68.5,0.0
user03,51,swipe_right,11,0.1917,91.8,575.3,310.7,575.3,0.7753,0.0277,0.82,71.19,2.51
user03,52,swipe_left,17,0.2936,188.0,281.9,-161.5,281.9,0.8014,0.0268,0.846,79.29,2.6
user03,53,double_tap,4,0.6858,40.8,332.3,39.1,336.6,0.65,0.2506,0.867,38.7,0.0
user03,54,tap,2,0.1379,105.6,545.4,103.5,544.2,0.667,0.314,0.889,28.7,0.0
user03,55,tap,2,0.182,180.3,191.0,183.7,189.7,0.669,0.3154,0.892,73.1,0.0
user03,56,swipe_right,20,0.3472,36.5,347.3,431.3,347.3,0.7723,0.0253,0.811,83.28,2.7
user03,57,swipe_right,16,0.2773,151.9,432.8,501.4,432.8,0.7974,0.0266,0.837,69.2,2.29
user03,58,pinch_in,21,0.354,148.5,233.3,148.5,-132.5,0.6962,0.0228,0.735,74.31,2.37
user03,59,tap,2,0.1451,41.7,429.8,42.7,428.9,0.6705,0.3161,0.894,64.5,0.0
user03,60,tap,2,0.1864,39.3,683.1,39.1,681.2,0.63,0.297,0.84,53.6,0.0
user03,61,swipe_down,10,0.173,110.2,291.0,110.2,482.5,0.7982,0.028,0.836,59.6,2.15
user03,62,swipe_left,13,0.2321,60.5,556.5,-204.6,556.5,0.7854,0.0271,0.83,68.93,2.36
user03,63,double_tap,4,0.5667,197.2,130.1,195.1,128.9,0.6795,0.2615,0.906,55.7,0.0
user03,64,long_press,10,1.0658,29.2,561.1,31.5,555.4,0.7877,0.0282,0.813,63.3,0.0
user03,65,tap,2,0.1759,74.0,289.9,70.3,290.0,0.6665,0.3147,0.889,45.5,0.0
user03,66,swipe_up,19,0.3318,147.8,493.3,147.8,94.4,0.7624,0.0254,0.805,47.55,1.54
user03,67,swipe_left,12,0.2083,196.2,541.3,-78.4,541.3,0.8365,0.029,0.877,53.6,1.88
user03,68,tap,2,0.2103,68.6,426.3,71.2,425.1,0.6645,0.3132,0.886,54.1,0.0
user03,69,swipe_down,17,0.2857,112.3,517.6,112.3,811.7,0.7378,0.0247,0.779,88.05,2.88
user03,70,swipe_left,11,0.1907,68.1,401.8,-147.1,401.8,0.7534,0.0269,0.797,78.17,2.76
user03,71,swipe_up,9,0.158,127.1,545.4,127.1,360.5,0.8331,0.0307,0.882,75.37,2.75
user03,72,tap,2,0.1949,177.6,449.9,177.4,448.1,0.671,0.3168,0.895,41.8,0.0
user03,73,swipe_right,13,0.2317,182.2,586.6,443.1,586.6,0.7869,0.0273,0.832,59.19,2.02
user03,74,swipe_left,9,0.1544,76.5,494.6,-86.4,494.6,0.8261,0.0307,0.875,72.46,2.68
user03,75,swipe_up,13,0.221,84.5,276.9,84.5,49.5,0.736,0.0255,0.778,67.78,2.33
user03,76,pinch_out,12,0.2116,128.0,593.3,128.0,382.9,0.7325,0.0254,0.768,41.13,1.4
user03,77,double_tap,4,0.6645,151.7,464.4,150.4,463.4,0.6785,0.2615,0.905,44.6,0.0
user03,78,pinch_out,9,0.1621,79.3,295.5,79.3,92.1,0.7258,0.0265,0.768,55.04,2.05
user03,79,swipe_right,20,0.3378,92.3,356.4,486.4,356.4,0.744,0.0243,0.781,78.46,2.54
user03,80,pinch_out,18,0.3116,75.4,402.4,75.4,57.9,0.7932,0.0263,0.833,66.57,2.16
user03,81,long_press,11,1.1041,173.9,315.3,170.5,315.3,0.7761,0.0271,0.801,51.2,0.0
user03,82,tap,2,0.092,181.1,441.6,181.0,441.6,0.68,0.321,0.907,80.5,0.0
user03,83,swipe_left,21,0.3503,52.7,571.1,-314.3,571.1,0.7651,0.0249,0.807,47.17,1.51
user03,84,double_tap,4,0.7,48.1,565.5,46.5,565.6,0.686,0.2644,0.915,60.6,0.0
user03,85,tap,2,0.1639,43.8,361.0,42.3,360.0,0.6815,0.3217,0.909,29.7,0.0
user03,86,swipe_up,18,0.3078,48.1,459.8,48.1,92.8,0.7033,0.0233,0.738,96.03,3.12
user03,87,long_press,7,0.7412,134.3,145.4,137.8,145.9,0.7643,0.0297,0.796,60.2,0.0
user03,88,tap,2,0.1495,51.8,490.1,54.0,489.2,0.697,0.3281,0.929,45.5,0.0
user03,89,double_tap,4,0.5363,108.1,133.1,112.2,129.8,0.648,0.2494,0.864,21.2,0.0
user03,90,tap,2,0.1419,151.6,260.9,151.8,262.9,0.655,0.3083,0.873,47.6,0.0
user03,91,pinch_in,18,0.3016,43.1,468.3,43.1,113.0,0.7203,0.0235,0.756,39.8,1.3
user03,92,swipe_left,8,0.1402,123.6,277.0,-51.9,277.0,0.7605,0.0275,0.795,64.38,2.44
user03,93,pinch_in,13,0.2168,38.3,537.5,38.3,278.0,0.7871,0.0271,0.832,78.01,2.66
user03,94,swipe_left,10,0.1807,61.7,275.3,-134.3,275.3,0.7728,0.0271,0.809,75.26,2.68
user03,95,swipe_up,13,0.2294,33.0,219.6,33.0,-73.6,0.8045,0.0279,0.85,72.95,2.5
user03,96,long_press,11,1.1162,88.3,311.0,86.0,308.5,0.7441,0.0259,0.768,73.5,0.0
user03,97,swipe_down,16,0.2827,66.0,257.7,66.0,597.4,0.7966,0.0266,0.836,68.97,2.27
user03,98,tap,2,0.166,185.0,188.0,183.2,190.9,0.644,0.3041,0.859,60.6,0.0
user03,99,swipe_left,11,0.1864,197.3,316.9,-26.4,316.9,0.7081,0.0252,0.749,53.32,1.88
user03,100,swipe_left,18,0.3056,182.3,241.4,-131.9,241.4,0.7839,0.0259,0.823,66.34,2.16
user03,101,pinch_in,9,0.166,145.1,320.6,145.1,123.6,0.7888,0.0288,0.835,67.98,2.46
user03,102,swipe_left,10,0.1745,52.2,457.4,-147.1,457.4,0.7434,0.0258,0.778,63.48,2.27
user03,103,swipe_up,16,0.2695,141.5,414.9,141.5,95.6,0.7576,0.0253,0.795,83.26,2.76
user03,104,double_tap,4,0.5878,136.9,259.7,137.5,258.8,0.671,0.2587,0.895,45.4,0.0
user03,105,pinch_in,17,0.2999,82.8,504.9,82.8,120.8,0.7324,0.0245,0.773,46.48,1.52
user03,106,pinch_out,10,0.1669,155.4,301.1,155.4,134.3,0.7736,0.0273,0.81,67.44,2.42
user03,107,swipe_left,12,0.2074,152.3,211.2,-91.5,211.2,0.7915,0.0273,0.83,56.42,1.97
user03,108,tap,2,0.1148,54.8,593.8,58.1,590.6,0.6925,0.326,0.923,60.9,0.0
user03,109,swipe_up,13,0.2258,194.1,566.3,194.1,290.6,0.7548,0.0261,0.798,80.26,2.75
user03,110,long_press,8,0.8186,54.3,685.6,54.6,687.8,0.7486,0.0286,0.777,57.8,0.0
user03,111,swipe_down,12,0.2119,120.9,598.5,120.9,867.1,0.731,0.025,0.766,66.45,2.29
user03,112,long_press,9,0.9242,106.0,575.6,103.1,577.8,0.7696,0.0289,0.796,76.8,0.0
user03,113,swipe_right,10,0.181,168.2,435.4,370.9,435.4,0.8196,0.0288,0.858,57.3,2.06
user03,114,swipe_down,18,0.3008,100.7,303.3,100.7,670.1,0.804,0.0266,0.844,74.76,2.45
user03,115,tap,2,0.0905,106.2,392.7,100.5,394.4,0.6845,0.3231,0.913,37.0,0.0
user03,116,long_press,14,1.4061,106.5,529.2,104.8,532.3,0.7905,0.0259,0.819,62.4,0.0
user03,117,double_tap,4,0.5726,162.1,504.1,159.7,501.2,0.692,0.2667,0.923,55.3,0.0
user03,118,swipe_right,17,0.2887,57.1,516.0,361.2,516.0,0.7358,0.0247,0.777,65.28,2.14
user03,119,swipe_up,17,0.2993,92.7,507.9,92.7,155.2,0.7286,0.0245,0.769,81.78,2.67
user03,120,swipe_right,8,0.1499,182.6,563.1,354.4,563.1,0.7855,0.0282,0.821,67.62,2.55
user03,121,pinch_out,16,0.2825,64.2,522.0,64.2,159.5,0.7856,0.0262,0.825,76.35,2.5
user03,122,swipe_left,8,0.1381,32.9,584.1,-128.3,584.1,0.7345,0.0268,0.768,93.35,3.49
user03,123,swipe_down,17,0.2877,188.5,466.4,188.5,822.0,0.7731,0.0258,0.816,65.55,2.13
user03,124,swipe_up,20,0.3443,146.4,401.3,146.4,60.0,0.8333,0.0272,0.875,58.78,1.9
user03,125,tap,2,0.1481,55.4,489.0,53.2,489.7,0.6725,0.3175,0.897,53.9,0.0
user03,126,pinch_out,21,0.3614,166.6,527.1,166.6,132.4,0.7734,0.0253,0.816,51.22,1.64
user03,127,tap,2,0.1187,107.3,552.1,105.6,552.3,0.6885,0.3246,0.918,53.9,0.0
user03,128,swipe_right,11,0.1985,47.2,449.3,286.2,449.3,0.76,0.0273,0.804,74.14,2.6
user03,129,long_press,6,0.6852,70.1,485.1,69.8,484.6,0.7603,0.0301,0.793,75.0,0.0
user03,130,pinch_out,22,0.3737,110.2,396.1,110.2,34.4,0.795,0.0259,0.835,68.9,2.19
user03,131,long_press,8,0.8173,99.7,299.0,99.4,299.9,0.8204,0.0317,0.852,99.5,0.0
user03,132,swipe_right,8,0.1429,65.0,483.7,220.3,483.7,0.745,0.027,0.779,89.55,3.37
user03,133,swipe_right,17,0.2954,125.8,282.0,461.3,282.0,0.7526,0.0253,0.794,84.35,2.77
user03,134,swipe_up,20,0.3338,152.9,327.7,152.9,-48.8,0.7842,0.0256,0.823,64.69,2.09
user03,135,swipe_down,18,0.3145,43.9,278.4,43.9,664.3,0.7711,0.0254,0.809,51.66,1.67
user03,136,pinch_out,19,0.3278,149.4,463.6,149.4,66.3,0.7664,0.0254,0.809,46.68,1.53
user03,137,swipe_left,20,0.3378,49.3,201.6,-350.5,201.6,0.7612,0.0248,0.799,71.11,2.29
user03,138,long_press,7,0.7115,161.6,406.2,164.3,405.9,0.7573,0.0293,0.789,59.5,0.0
user03,139,tap,2,0.2227,136.3,667.7,138.0,669.6,0.6435,0.3033,0.858,66.9,0.0
user03,140,swipe_down,14,0.24,93.3,301.9,93.3,574.1,0.779,0.0262,0.817,55.33,1.84
user03,141,swipe_right,15,0.2587,172.2,404.8,453.9,404.8,0.7562,0.0257,0.799,71.09,2.39
user03,142,tap,2,0.1421,59.0,218.6,58.6,219.8,0.6925,0.326,0.923,31.3,0.0
user03,143,swipe_left,16,0.2677,163.1,575.0,-159.9,575.0,0.8004,0.0268,0.84,87.2,2.88
user03,144,swipe_down,8,0.1429,186.4,460.1,186.4,632.7,0.7548,0.0271,0.789,58.72,2.19
user03,145,pinch_out,12,0.2129,98.4,220.5,98.4,-53.6,0.7468,0.0256,0.783,53.02,1.85
user03,146,swipe_down,14,0.2387,56.1,346.6,56.1,590.0,0.739,0.0249,0.775,77.91,2.63
user03,147,swipe_down,8,0.1463,62.4,346.7,62.4,523.1,0.787,0.0287,0.823,81.0,3.05
user03,148,tap,2,0.1767,50.6,691.6,50.9,689.0,0.6605,0.3118,0.881,68.7,0.0
user03,149,swipe_right,19,0.3182,140.6,546.7,514.1,546.7,0.7844,0.0261,0.828,82.35,2.67
user03,150,pinch_in,17,0.3,133.1,266.7,133.1,-82.6,0.746,0.025,0.788,80.54,2.65
user03,151,double_tap,4,0.6677,44.6,378.3,46.1,377.2,0.691,0.2656,0.921,46.0,0.0
user03,152,long_press,11,1.1245,58.1,682.8,56.5,685.6,0.7818,0.0272,0.807,65.3,0.0
user03,153,swipe_down,8,0.1424,179.8,340.1,179.8,510.9,0.7648,0.0279,0.8,79.32,2.97
user03,154,double_tap,4,0.3463,83.0,569.8,76.2,568.2,0.6635,0.2558,0.885,43.2,0.0
user03,155,tap,2,0.1472,144.0,261.7,145.2,264.9,0.6985,0.3288,0.931,55.8,0.0
user03,156,tap,2,0.1314,35.0,470.9,34.5,469.1,0.7415,0.35,0.989,60.0,0.0
user03,157,swipe_up,11,0.1998,71.3,497.9,71.3,305.8,0.7912,0.0281,0.837,109.86,3.86
user03,158,swipe_down,15,0.2518,140.7,529.8,140.7,784.2,0.7623,0.0259,0.805,78.77,2.63
user03,159,swipe_up,9,0.1514,31.3,407.3,31.3,247.9,0.816,0.0299,0.864,78.51,2.85
user03,160,tap,2,0.1564,186.5,681.1,187.3,680.9,0.624,0.2942,0.832,77.6,0.0
user03,161,swipe_left,10,0.1742,129.0,342.7,-62.1,342.7,0.6986,0.0243,0.731,46.96,1.68
user03,162,tap,2,0.1587,171.1,498.4,172.9,497.5,0.684,0.3224,0.912,49.9,0.0
user03,163,swipe_left,11,0.1898,124.7,497.1,-95.2,497.1,0.8338,0.0296,0.882,59.98,2.1
user03,164,tap,2,0.0887,45.0,348.2,44.9,350.4,0.6915,0.326,0.922,65.5,0.0
user03,165,double_tap,4,0.7135,180.0,222.1,178.7,216.4,0.668,0.2575,0.891,48.2,0.0
user03,166,pinch_in,9,0.156,198.0,386.1,198.0,221.6,0.7707,0.0286,0.816,89.97,3.29
user03,167,swipe_left,20,0.3492,152.6,576.5,-217.8,576.5,0.766,0.025,0.804,77.22,2.5
user03,168,tap,2,0.1558,161.7,437.3,161.9,435.1,0.637,0.2998,0.849,39.9,0.0
user03,169,swipe_left,14,0.2474,112.3,225.4,-175.6,225.4,0.759,0.0256,0.796,75.56,2.51
user03,170,long_press,8,0.8231,200.1,356.4,200.2,359.8,0.7864,0.0302,0.816,73.0,0.0
user03,171,pinch_out,15,0.2507,119.8,250.7,119.8,-47.4,0.7775,0.0265,0.821,55.57,1.86
user03,172,tap,2,0.1091,135.8,106.0,135.6,107.1,0.6735,0.3175,0.898,51.7,0.0
user03,173,swipe_right,9,0.15,67.0,586.4,249.7,586.4,0.8144,0.03,0.862,59.26,2.17
user03,174,swipe_right,8,0.1492,43.6,389.8,196.1,389.8,0.7497,0.0271,0.784,76.8,2.89
user03,175,swipe_up,17,0.2904,163.1,538.2,163.1,188.4,0.7912,0.0265,0.835,64.73,2.11
user03,176,tap,2,0.1347,69.6,607.2,70.9,606.0,0.6755,0.3189,0.901,46.7,0.0
user03,177,swipe_down,8,0.1361,187.5,203.6,187.5,372.5,0.7565,0.0275,0.791,80.7,3.05
user03,178,swipe_left,10,0.169,108.2,442.8,-88.9,442.8,0.7914,0.0279,0.829,73.22,2.6
user03,179,long_press,9,0.9059,198.8,260.9,193.0,262.0,0.7617,0.0288,0.789,65.1,0.0
user03,180,swipe_right,17,0.2842,31.0,231.4,401.3,231.4,0.8169,0.0275,0.863,42.88,1.39
user03,181,swipe_up,19,0.3228,126.7,552.7,126.7,167.2,0.7787,0.0258,0.822,58.8,1.9
user03,182,double_tap,4,0.4281,44.7,501.5,46.6,499.7,0.6405,0.2465,0.854,42.2,0.0
user03,183,swipe_left,12,0.2141,120.7,438.6,-120.8,438.6,0.775,0.0263,0.812,79.15,2.74
user03,184,long_press,8,0.8434,119.6,170.6,119.6,170.9,0.7889,0.0305,0.818,51.9,0.0
user03,185,tap,2,0.1253,148.9,347.2,153.3,348.0,0.6945,0.3274,0.926,57.2,0.0
user03,186,swipe_left,14,0.2336,158.6,517.7,-115.1,517.7,0.7953,0.0266,0.834,67.76,2.28
user03,187,pinch_in,17,0.2954,182.8,558.5,182.8,237.1,0.7546,0.0254,0.797,48.62,1.59
user03,188,long_press,7,0.7851,42.9,617.8,43.9,620.6,0.7553,0.0299,0.786,58.6,0.0
user03,189,swipe_left,15,0.2535,73.0,422.1,-208.9,422.1,0.7821,0.0265,0.826,81.84,2.72
user03,190,tap,2,0.1702,69.6,618.6,65.5,620.0,0.698,0.3295,0.931,38.6,0.0
user03,191,long_press,11,1.1511,124.6,545.9,124.4,543.1,0.7579,0.0259,0.782,50.1,0.0
user03,192,double_tap,4,0.6744,42.8,596.5,44.8,596.8,0.716,0.276,0.955,34.4,0.0
user03,193,swipe_up,19,0.3199,145.5,229.6,145.5,-168.6,0.7783,0.0257,0.822,71.79,2.34
user03,194,swipe_right,7,0.1301,81.7,234.6,232.1,234.6,0.7823,0.0308,0.83,45.87,1.76
user03,195,swipe_right,17,0.2957,57.9,314.1,406.1,314.1,0.8065,0.0271,0.852,59.0,1.91
user03,196,pinch_in,16,0.2769,49.2,548.0,49.2,239.0,0.7616,0.0253,0.799,79.28,2.62
user03,197,swipe_down,14,0.2345,198.2,221.9,198.2,460.7,0.755,0.0256,0.792,64.76,2.17
user03,198,tap,2,0.163,115.5,289.6,115.9,291.9,0.711,0.3352,0.948,59.8,0.0
user03,199,long_press,7,0.7528,81.2,338.1,80.5,338.9,0.7723,0.0301,0.804,40.9,0.0
user04,0,swipe_down,27,0.455,336.3,235.6,336.3,513.5,0.7386,0.0239,0.779,87.05,2.74
user04,1,pinch_in,20,0.3422,269.8,228.7,269.8,22.0,0.6871,0.0225,0.721,55.57,1.79
user04,2,pinch_out,53,0.8911,153.9,330.8,153.9,23.8,0.8244,0.0259,0.869,71.15,2.13
user04,3,swipe_left,33,0.5639,228.6,271.9,-66.0,271.9,0.8769,0.028,0.925,49.79,1.53
user04,4,pinch_out,41,0.6899,274.0,336.1,274.0,-27.9,0.7437,0.0235,0.784,69.63,2.11
user04,5,swipe_right,29,0.4945,303.4,282.4,533.9,282.4,0.771,0.0247,0.813,61.54,1.91
user04,6,swipe_right,27,0.4659,179.9,404.0,445.0,404.0,0.7669,0.0248,0.809,57.2,1.79
user04,7,pinch_in,28,0.4679,311.3,201.5,311.3,-28.6,0.8702,0.0279,0.914,79.54,2.47
user04,8,swipe_right,25,0.4285,157.6,457.3,373.2,457.3,0.7571,0.0246,0.799,63.05,1.99
user04,9,swipe_up,21,0.3604,233.2,591.1,233.2,391.0,0.7631,0.0249,0.805,68.84,2.21
user04,10,swipe_down,30,0.5134,225.9,564.3,225.9,868.2,0.7434,0.0237,0.781,63.89,1.99
user04,11,swipe_right,36,0.6143,230.6,459.7,555.1,459.7,0.6969,0.0221,0.733,64.93,2.01
user04,12,tap,2,0.1228,214.1,156.1,214.0,157.4,0.7165,0.3373,0.955,42.2,0.0
user04,13,swipe_left,19,0.321,323.4,469.2,161.7,469.2,0.9474,0.0315,1.0,79.4,2.57
user04,14,tap,2,0.1205,302.7,181.9,297.4,179.3,0.6705,0.3161,0.894,56.4,0.0
user04,15,swipe_up,36,0.6028,290.5,582.4,290.5,299.6,0.9078,0.0288,0.954,89.98,2.76
user04,16,swipe_right,40,0.6705,209.6,250.6,570.3,250.6,0.8267,0.0261,0.869,74.02,2.26
user04,17,swipe_right,36,0.6011,162.1,365.3,448.8,365.3,0.9486,0.03,0.997,74.03,2.28
user04,18,swipe_right,28,0.4832,304.2,215.5,502.8,215.5,0.8741,0.028,0.918,75.06,2.36
user04,19,tap,2,0.1011,337.0,601.0,331.9,600.5,0.677,0.3196,0.903,60.7,0.0
user04,20,pinch_in,37,0.6178,332.3,338.2,332.3,32.9,0.9486,0.03,1.0,78.51,2.41
user04,21,swipe_up,16,0.2793,225.4,413.4,225.4,263.4,0.7785,0.026,0.817,62.24,2.04
user04,22,swipe_left,19,0.3327,311.2,311.9,113.3,311.9,0.7581,0.0251,0.8,61.27,1.98
user04,23,tap,2,0.1365,323.1,244.8,326.4,245.7,0.6945,0.3274,0.926,46.1,0.0
user04,24,tap,2,0.119,158.0,690.6,155.5,692.5,0.75,0.3536,1.0,42.0,0.0
user04,25,tap,2,0.1715,267.4,367.4,262.7,369.7,0.675,0.3182,0.9,59.6,0.0
user04,26,swipe_right,36,0.6017,336.5,353.2,668.9,353.2,0.7334,0.0233,0.771,73.78,2.28
user04,27,swipe_up,32,0.5452,336.0,393.5,336.0,120.9,0.6931,0.0221,0.728,70.3,2.18
user04,28,swipe_up,39,0.6631,329.9,564.3,329.9,178.5,0.7629,0.0241,0.804,77.34,2.37
user04,29,tap,2,0.128,285.4,567.1,284.4,566.4,0.7275,0.3429,0.97,42.6,0.0
user04,30,swipe_right,24,0.41,164.9,401.5,360.5,401.5,0.9478,0.0307,0.996,58.18,1.85
user04,31,tap,2,0.1183,277.5,434.0,280.5,438.4,0.653,0.3083,0.871,64.3,0.0
user04,32,swipe_up,21,0.3543,212.0,234.3,212.0,61.6,0.9142,0.03,0.965,85.5,2.74
user04,33,pinch_in,27,0.4656,317.1,217.5,317.1,8.3,0.8471,0.0274,0.893,81.23,2.54
user04,34,pinch_in,25,0.4171,202.3,226.8,202.3,69.7,0.8244,0.0267,0.87,74.28,2.35
user04,35,swipe_left,34,0.5712,231.6,276.5,-47.7,276.5,0.8969,0.0285,0.943,73.91,2.28
user04,36,pinch_in,32,0.5442,331.5,249.0,331.5,-34.5,0.8706,0.0277,0.915,87.94,2.73
user04,37,pinch_in,28,0.4724,214.9,578.0,214.9,357.4,0.6001,0.0192,0.631,67.75,2.13
user04,38,swipe_right,45,0.7628,247.3,495.4,614.0,495.4,0.7364,0.0231,0.776,74.54,2.26
user04,39,tap,2,0.1319,283.8,175.8,284.4,174.2,0.66,0.3111,0.88,60.9,0.0
user04,40,swipe_right,40,0.6692,170.8,584.9,543.3,584.9,0.9275,0.0292,0.975,75.62,2.31
user04,41,swipe_left,29,0.4953,266.2,492.0,13.5,492.0,0.9263,0.0299,0.977,49.4,1.54
user04,42,tap,2,0.1205,289.9,526.7,289.6,523.4,0.6825,0.3217,0.91,35.9,0.0
user04,43,pinch_in,20,0.3343,348.3,508.2,348.3,305.5,0.7578,0.0248,0.796,68.86,2.2
user04,44,tap,2,0.1464,196.7,345.7,193.3,348.4,0.648,0.3055,0.864,59.2,0.0
user04,45,tap,2,0.1396,271.0,435.9,270.1,433.8,0.75,0.3536,1.0,17.6,0.0
user04,46,double_tap,4,0.5518,336.5,668.4,335.0,664.6,0.717,0.276,0.956,43.0,0.0
user04,47,swipe_left,40,0.6676,272.3,426.3,-56.3,426.3,0.716,0.0226,0.753,69.87,2.13
user04,48,pinch_out,22,0.382,344.4,543.7,344.4,366.2,0.7827,0.0255,0.822,76.02,2.42
user04,49,pinch_out,35,0.5939,238.5,218.4,238.5,-67.5,0.8015,0.0253,0.845,69.26,2.15
user04,50,swipe_left,33,0.5554,236.8,527.8,-139.6,527.8,0.7688,0.0244,0.811,73.43,2.27
user04,51,swipe_up,38,0.6446,159.4,467.4,159.4,101.7,0.6635,0.0211,0.698,72.33,2.22
user04,52,swipe_down,32,0.5422,330.8,328.3,330.8,616.3,0.8421,0.0268,0.885,67.25,2.08
user04,53,swipe_up,16,0.2816,188.1,468.0,188.1,317.9,0.6772,0.0227,0.711,65.54,2.16
user04,54,long_press,16,1.6893,164.2,215.0,166.2,214.0,0.7927,0.0333,0.831,41.9,0.0
user04,55,pinch_out,25,0.4307,238.5,579.6,238.5,368.1,0.8239,0.0268,0.869,66.18,2.08
user04,56,tap,2,0.1359,246.5,521.7,243.9,522.6,0.75,0.3536,1.0,44.2,0.0
user04,57,pinch_out,27,0.4537,196.8,219.9,196.8,2.8,0.631,0.0203,0.666,72.35,2.27
user04,58,tap,2,0.2002,256.7,666.4,251.9,665.8,0.75,0.3536,1.0,44.0,0.0
user04,59,swipe_right,43,0.7217,215.9,216.9,489.9,216.9,0.8406,0.0265,0.886,71.02,2.15
user04,60,tap,2,0.1175,183.7,556.3,187.3,558.6,0.729,0.3437,0.972,50.1,0.0
user04,61,tap,2,0.1365,224.6,395.9,225.2,397.3,0.7185,0.3387,0.958,39.7,0.0
user04,62,tap,2,0.1072,169.9,462.5,170.3,460.0,0.547,0.2574,0.729,59.1,0.0
user04,63,pinch_out,48,0.812,215.1,237.9,215.1,-156.1,0.949,0.0298,0.998,75.82,2.29
user04,64,swipe_left,34,0.5825,162.3,265.0,-211.4,265.0,0.7355,0.0233,0.773,51.13,1.57
user04,65,double_tap,4,0.7213,200.0,139.4,205.6,134.5,0.7285,0.28,0.971,59.0,0.0
user04,66,long_press,18,1.8498,247.4,425.3,244.8,428.6,0.7831,0.0396,0.828,56.4,0.0
user04,67,swipe_down,29,0.4975,223.7,349.4,223.7,595.3,0.6729,0.0215,0.71,76.94,2.4
user04,68,long_press,18,1.8562,276.4,469.0,281.3,467.5,0.7931,0.0405,0.839,75.5,0.0
user04,69,swipe_up,34,0.5785,221.0,445.1,221.0,148.7,0.6204,0.0195,0.652,86.99,2.68
user04,70,tap,2,0.0885,278.1,255.7,279.1,257.3,0.7385,0.3486,0.985,52.4,0.0
user04,71,long_press,19,1.9897,219.2,343.8,221.3,344.2,0.7031,0.0414,0.75,61.3,0.0
user04,72,swipe_down,28,0.4749,214.0,468.1,214.0,665.1,0.8876,0.0286,0.933,71.31,2.22
user04,73,tap,2,0.1226,217.3,226.7,219.0,226.1,0.6465,0.3048,0.862,47.0,0.0
user04,74,swipe_left,49,0.8314,263.2,262.9,-59.5,262.9,0.908,0.0286,0.957,67.6,2.03
user04,75,tap,2,0.1261,280.1,633.8,283.4,630.5,0.75,0.3536,1.0,51.1,0.0
user04,76,pinch_out,17,0.2849,215.3,449.3,215.3,285.2,0.7874,0.0264,0.831,70.61,2.34
user04,77,swipe_up,46,0.7737,182.9,475.7,182.9,197.0,0.7661,0.0241,0.806,52.51,1.59
user04,78,swipe_down,21,0.3555,164.4,259.0,164.4,427.3,0.887,0.0292,0.936,51.8,1.67
user04,79,long_press,24,2.4033,299.9,552.2,300.4,553.1,0.8648,0.0671,0.944,77.5,0.0
user04,80,swipe_up,30,0.5007,177.9,238.5,177.9,-17.7,0.8486,0.0271,0.892,72.08,2.24
user04,81,pinch_out,16,0.2711,191.7,466.1,191.7,296.4,0.9466,0.0315,0.993,76.72,2.54
user04,82,tap,2,0.0801,182.8,541.6,180.4,542.3,0.7245,0.3415,0.966,49.0,0.0
user04,83,double_tap,4,0.5451,210.5,497.4,210.2,497.9,0.741,0.2852,0.988,43.8,0.0
user04,84,tap,2,0.0911,167.5,334.9,169.2,333.3,0.75,0.3536,1.0,64.9,0.0
user04,85,double_tap,4,0.541,250.8,525.3,250.6,525.2,0.6925,0.2662,0.923,44.5,0.0
user04,86,swipe_left,33,0.5641,193.9,371.6,-119.2,371.6,0.927,0.0295,0.977,92.55,2.86
user04,87,double_tap,4,0.5325,150.1,662.1,145.7,661.0,0.6765,0.2604,0.902,46.3,0.0
user04,88,tap,2,0.096,200.7,664.3,197.6,667.5,0.7185,0.3387,0.958,61.0,0.0
user04,89,swipe_right,33,0.5511,169.0,280.2,422.4,280.2,0.8751,0.028,0.923,49.49,1.53
user04,90,swipe_down,23,0.3883,323.8,427.3,323.8,687.2,0.7358,0.0238,0.776,59.77,1.92
user04,91,swipe_up,26,0.4432,272.9,532.9,272.9,259.4,0.9255,0.0298,0.972,68.01,2.14
user04,92,swipe_up,21,0.3603,234.2,364.2,234.2,156.4,0.8708,0.0287,0.919,69.03,2.22
user04,93,swipe_down,38,0.6468,344.6,277.5,344.6,513.9,0.6912,0.0219,0.727,80.21,2.47
user04,94,swipe_left,18,0.3153,227.4,458.9,66.2,458.9,0.8958,0.0295,0.94,90.8,2.95
user04,95,swipe_up,38,0.6495,327.6,241.9,327.6,-113.8,0.9486,0.03,0.997,50.12,1.53
user04,96,swipe_down,40,0.6735,250.7,520.7,250.7,781.0,0.737,0.0234,0.775,58.23,1.78
user04,97,tap,2,0.1263,319.8,523.6,320.1,525.6,0.6885,0.3246,0.918,35.7,0.0
user04,98,swipe_down,39,0.6543,229.0,396.9,229.0,767.0,0.7622,0.0241,0.803,72.59,2.23
user04,99,swipe_right,40,0.6698,150.5,297.9,470.6,297.9,0.7622,0.0241,0.801,70.1,2.14
user04,100,swipe_down,47,0.7879,185.7,231.8,185.7,616.9,0.7366,0.0231,0.776,83.47,2.53
user04,101,swipe_left,31,0.5221,314.4,507.7,15.2,507.7,0.7642,0.0244,0.806,74.72,2.33
user04,102,swipe_left,31,0.5205,221.9,390.1,-19.0,390.1,0.7851,0.0252,0.828,97.02,3.0
user04,103,tap,2,0.1196,330.3,198.4,333.1,199.9,0.729,0.3437,0.972,42.5,0.0
user04,104,pinch_out,18,0.3095,316.3,260.1,316.3,100.5,0.7602,0.0252,0.798,90.6,2.95
user04,105,pinch_in,17,0.297,243.7,439.3,243.7,281.6,0.7489,0.0251,0.791,65.38,2.14
user04,106,swipe_left,22,0.3776,331.2,406.5,142.7,406.5,0.7762,0.0252,0.815,58.64,1.87
user04,107,pinch_in,22,0.3785,291.8,280.1,291.8,77.4,0.8826,0.0287,0.927,78.84,2.53
user04,108,double_tap,4,0.7202,193.9,363.2,191.8,362.2,0.75,0.2887,1.0,58.9,0.0
user04,109,swipe_left,35,0.5981,169.2,569.0,-123.0,569.0,0.6939,0.0221,0.732,79.54,2.45
user04,110,swipe_right,36,0.6124,288.7,215.9,648.6,215.9,0.747,0.0237,0.785,78.48,2.41
user04,111,swipe_right,38,0.6386,244.6,447.1,508.7,447.1,0.8665,0.0273,0.911,81.03,2.48
user04,112,pinch_in,22,0.3723,310.3,364.2,310.3,156.7,0.9182,0.0298,0.964,69.38,2.21
user04,113,swipe_right,27,0.453,220.7,456.9,432.1,456.9,0.8668,0.0278,0.914,84.02,2.63
user04,114,swipe_up,27,0.4614,204.3,542.0,204.3,305.4,0.8053,0.026,0.849,70.38,2.21
user04,115,pinch_out,48,0.8024,342.1,477.3,342.1,126.9,0.806,0.0253,0.848,68.08,2.06
user04,116,swipe_right,37,0.6252,246.1,420.7,554.1,420.7,0.717,0.0228,0.756,62.02,1.91
user04,117,swipe_left,56,0.9468,237.1,365.9,-96.1,365.9,0.796,0.0249,0.837,91.97,2.76
user04,118,double_tap,4,0.648,316.7,250.0,316.1,253.3,0.606,0.2332,0.808,66.0,0.0
user04,119,pinch_out,37,0.6288,345.2,412.9,345.2,36.6,0.9486,0.03,1.0,55.1,1.69
user04,120,swipe_up,19,0.3331,347.7,355.5,347.7,193.7,0.7018,0.0233,0.741,82.52,2.69
user04,121,long_press,19,1.9556,270.9,221.5,268.8,216.6,0.8356,0.0474,0.889,82.2,0.0
user04,122,long_press,16,1.6666,340.5,176.2,343.5,174.2,0.7674,0.0313,0.804,39.8,0.0
user04,123,swipe_down,36,0.6029,181.5,269.6,181.5,609.8,0.8025,0.0255,0.844,65.93,2.03
user04,124,swipe_up,56,0.9461,212.7,318.0,212.7,-15.3,0.8994,0.0281,0.946,99.44,2.99
user04,125,pinch_in,20,0.3445,260.3,343.8,260.3,162.4,0.7904,0.0259,0.83,77.32,2.5
user04,126,tap,2,0.1062,255.0,221.8,255.4,225.4,0.75,0.3536,1.0,50.2,0.0
user04,127,long_press,21,2.1992,275.7,191.1,275.0,190.1,0.8314,0.058,0.898,75.3,0.0
user04,128,swipe_right,76,1.269,209.7,546.8,546.4,546.8,0.9167,0.0284,0.964,53.39,1.59
user04,129,long_press,20,2.0937,247.9,178.4,248.5,180.9,0.9304,0.0602,0.999,55.9,0.0
user04,130,long_press,22,2.2568,272.7,165.1,273.1,168.4,0.7755,0.0562,0.84,53.9,0.0
user04,131,swipe_up,37,0.621,154.4,456.3,154.4,202.8,0.7889,0.025,0.832,52.89,1.62
user04,132,swipe_left,39,0.6647,287.8,426.0,-76.8,426.0,0.72,0.0228,0.759,56.59,1.73
user04,133,swipe_up,32,0.5416,173.0,477.9,173.0,217.5,0.8706,0.0277,0.915,80.83,2.51
user04,134,pinch_out,42,0.705,216.0,584.9,216.0,209.5,0.7359,0.0232,0.774,74.42,2.26
user04,135,swipe_left,18,0.3102,254.0,318.0,100.2,318.0,0.7799,0.0259,0.819,52.89,1.74
user04,136,swipe_down,39,0.6624,291.0,234.1,291.0,546.6,0.6698,0.0212,0.706,70.66,2.16
user04,137,tap,2,0.1259,341.2,101.8,341.6,102.4,0.703,0.3309,0.937,53.8,0.0
user04,138,double_tap,4,0.5788,168.3,408.3,166.7,405.5,0.6655,0.2558,0.887,47.0,0.0
user04,139,swipe_right,44,0.7399,207.6,274.2,520.5,274.2,0.7342,0.0231,0.772,77.65,2.36
user04,140,double_tap,4,0.5805,287.6,291.6,280.4,291.5,0.721,0.2771,0.961,51.6,0.0
user04,141,long_press,20,2.0198,283.1,481.8,285.6,481.6,0.7719,0.0465,0.824,79.6,0.0
user04,142,swipe_right,15,0.2612,284.1,538.9,436.5,538.9,0.8065,0.0274,0.852,70.18,2.34
user04,143,swipe_right,22,0.3807,258.6,411.9,495.5,411.9,0.8347,0.0271,0.877,73.7,2.36
user04,144,tap,2,0.1238,281.1,351.0,278.7,354.4,0.75,0.3536,1.0,56.6,0.0
user04,145,swipe_left,53,0.8967,233.6,564.4,-164.7,564.4,0.8892,0.0279,0.937,72.95,2.19
user04,146,swipe_up,22,0.3724,205.4,544.9,205.4,324.1,0.8152,0.0266,0.856,70.06,2.23
user04,147,double_tap,4,0.5643,284.8,232.9,289.6,232.0,0.6915,0.2662,0.922,51.5,0.0
user04,148,swipe_left,17,0.2903,239.8,376.0,67.0,376.0,0.8364,0.0279,0.883,51.66,1.71
user04,149,double_tap,4,0.388,192.7,218.2,192.2,221.2,0.6145,0.2361,0.819,47.9,0.0
user04,150,swipe_right,25,0.4223,291.4,271.0,504.5,271.0,0.769,0.0249,0.811,90.26,2.84
user04,151,long_press,19,1.9604,339.2,180.9,339.4,183.1,0.9394,0.0538,1.0,50.8,0.0
user04,152,swipe_left,27,0.4557,294.9,361.5,91.2,361.5,0.8748,0.0282,0.923,79.83,2.51
user04,153,swipe_left,32,0.5462,298.7,300.8,35.1,300.8,0.7451,0.0239,0.783,63.73,1.99
user04,154,swipe_right,19,0.3262,233.8,372.7,397.2,372.7,0.8319,0.0276,0.878,87.04,2.82
user04,155,tap,2,0.1066,250.9,189.7,249.7,188.2,0.75,0.3536,1.0,54.7,0.0
user04,156,swipe_down,37,0.6216,153.9,468.5,153.9,749.3,0.7206,0.0228,0.76,69.12,2.12
user04,157,pinch_in,37,0.63,308.4,250.9,308.4,1.2,0.8508,0.0271,0.897,64.68,1.98
user04,158,swipe_down,53,0.8912,339.5,250.5,339.5,644.0,0.7403,0.0232,0.78,47.55,1.43
user04,159,swipe_down,22,0.3767,178.6,543.2,178.6,770.4,0.7568,0.0246,0.795,81.58,2.6
user04,160,tap,2,0.1346,263.3,383.1,262.0,383.9,0.75,0.3536,1.0,52.1,0.0
user04,161,swipe_right,35,0.5955,251.4,250.6,520.5,250.6,0.7283,0.0232,0.768,66.67,2.04
user04,162,double_tap,4,0.569,201.7,388.5,203.7,393.4,0.69,0.2656,0.92,63.7,0.0
user04,163,swipe_left,40,0.6709,280.1,331.6,32.2,331.6,0.891,0.0282,0.937,65.72,2.0
user04,164,swipe_left,41,0.6936,294.1,404.6,-91.8,404.6,0.7314,0.023,0.771,51.26,1.57
user04,165,swipe_up,13,0.2208,198.4,550.5,198.4,395.8,0.8214,0.0285,0.868,80.93,2.75
user04,166,double_tap,4,0.5403,336.6,494.3,340.1,498.4,0.7245,0.2789,0.966,46.7,0.0
user04,167,pinch_in,28,0.469,263.1,459.6,263.1,222.1,0.7545,0.0242,0.793,87.34,2.73
user04,168,pinch_in,29,0.4887,192.9,434.0,192.9,173.3,0.7447,0.024,0.785,57.76,1.81
user04,169,swipe_up,49,0.821,287.9,489.9,287.9,165.4,0.8995,0.0282,0.948,63.55,1.92
user04,170,swipe_left,36,0.609,178.0,328.8,-116.6,328.8,0.7733,0.0245,0.813,66.64,2.05
user04,171,swipe_up,40,0.6717,332.5,512.2,332.5,173.3,0.8018,0.0253,0.843,75.06,2.3
user04,172,tap,2,0.1393,275.4,482.8,276.0,487.3,0.75,0.3536,1.0,72.9,0.0
user04,173,long_press,19,1.9694,240.5,443.1,241.1,443.4,0.5798,0.0334,0.617,60.0,0.0
user04,174,tap,2,0.1247,163.4,169.9,161.8,166.0,0.606,0.2857,0.808,58.9,0.0
user04,175,double_tap,4,0.6897,278.8,299.7,282.5,297.4,0.75,0.2887,1.0,59.6,0.0
user04,176,swipe_left,51,0.8635,253.0,266.1,-141.4,266.1,0.6578,0.0206,0.693,67.33,2.03
user04,177,swipe_up,27,0.464,218.1,320.5,218.1,25.9,0.8316,0.0269,0.877,90.32,2.85
user04,178,tap,2,0.1223,265.9,272.0,263.4,273.8,0.6435,0.3033,0.858,45.5,0.0
user04,179,pinch_in,66,1.1018,262.9,245.8,262.9,-153.4,0.8033,0.025,0.845,44.87,1.36
user04,180,swipe_right,29,0.4966,222.8,533.3,486.3,533.3,0.9254,0.0297,0.976,59.62,1.86
user04,181,double_tap,4,0.573,171.5,607.7,171.6,609.5,0.653,0.2517,0.871,59.1,0.0
user04,182,long_press,18,1.8198,258.4,125.1,256.6,123.5,0.8751,0.0427,0.924,48.1,0.0
user04,183,double_tap,4,0.5813,177.1,274.8,183.4,273.9,0.75,0.2887,1.0,55.5,0.0
user04,184,tap,2,0.1171,347.2,662.7,346.7,664.4,0.5745,0.2708,0.766,72.9,0.0
user04,185,pinch_out,26,0.4411,198.9,498.5,198.9,218.2,0.6903,0.0222,0.725,70.94,2.22
user04,186,swipe_left,31,0.5306,282.2,329.2,11.9,329.2,0.8389,0.0268,0.884,85.05,2.64
user04,187,tap,2,0.1129,231.0,219.0,234.1,216.8,0.71,0.3352,0.947,57.9,0.0
user04,188,swipe_right,43,0.7273,249.4,253.9,523.4,253.9,0.9488,0.0298,1.0,91.05,2.77
user04,189,swipe_down,23,0.3872,277.6,507.7,277.6,749.8,0.9054,0.0296,0.955,77.9,2.48
user04,190,pinch_out,27,0.4515,184.4,308.4,184.4,87.0,0.8417,0.0271,0.888,72.5,2.28
user04,191,swipe_left,18,0.3085,309.6,425.3,158.1,425.3,0.7843,0.026,0.823,62.94,2.05
user04,192,swipe_right,43,0.728,285.2,480.8,615.5,480.8,0.7368,0.0232,0.777,67.23,2.05
user04,193,double_tap,4,0.6209,150.0,672.4,156.3,668.7,0.738,0.2841,0.984,56.3,0.0
user04,194,swipe_right,15,0.2553,331.8,576.8,497.9,576.8,0.8147,0.0276,0.861,73.37,2.44
user04,195,swipe_right,17,0.2865,319.3,251.0,492.6,251.0,0.8875,0.0297,0.937,70.23,2.3
user04,196,tap,2,0.1648,256.4,259.8,255.0,257.7,0.75,0.3536,1.0,50.2,0.0
user04,197,pinch_in,21,0.3504,223.4,207.6,223.4,32.4,0.9476,0.0311,1.0,66.01,2.13
user04,198,tap,2,0.1263,288.0,300.8,291.8,300.8,0.75,0.3536,1.0,62.9,0.0
user04,199,swipe_right,22,0.3734,158.5,453.4,370.6,453.4,0.7618,0.0246,0.8,59.26,1.89
user05,0,swipe_up,37,0.6196,212.0,408.8,212.0,92.8,0.4345,0.0138,0.458,34.74,1.07
user05,1,swipe_right,17,0.2849,208.1,416.5,364.0,416.5,0.4355,0.0145,0.46,57.54,1.87
user05,2,swipe_up,25,0.4181,319.3,492.9,319.3,190.2,0.4662,0.015,0.492,34.64,1.1
user05,3,long_press,13,1.3255,234.4,235.0,231.3,232.6,0.4892,0.016,0.506,76.0,0.0
user05,4,tap,2,0.0777,235.7,209.4,237.6,208.7,0.3915,0.1846,0.522,16.6,0.0
user05,5,double_tap,4,0.3908,227.3,226.8,229.1,228.5,0.4545,0.1749,0.606,33.4,0.0
user05,6,tap,2,0.0647,321.3,167.4,322.3,168.3,0.4215,0.1987,0.562,41.5,0.0
user05,7,swipe_down,18,0.3164,233.8,277.6,233.8,498.8,0.5011,0.0167,0.526,58.1,1.9
user05,8,tap,2,0.0884,256.3,583.3,255.0,584.5,0.412,0.1937,0.549,35.6,0.0
user05,9,swipe_up,18,0.3014,209.6,204.7,209.6,-20.4,0.4307,0.0142,0.452,54.06,1.78
user05,10,tap,2,0.0458,225.2,420.9,226.5,421.1,0.4025,0.1902,0.537,27.2,0.0
user05,11,pinch_out,25,0.4332,247.7,209.0,247.7,-112.7,0.4365,0.0142,0.46,40.53,1.27
user05,12,swipe_left,20,0.3401,183.4,362.9,-24.6,362.9,0.4033,0.0131,0.423,48.07,1.56
user05,13,tap,2,0.0632,189.8,405.0,190.4,403.5,0.423,0.1994,0.564,19.0,0.0
user05,14,tap,2,0.0699,202.9,416.6,207.3,419.2,0.408,0.1923,0.544,41.1,0.0
user05,15,swipe_right,26,0.4384,314.6,275.5,639.9,275.5,0.4525,0.0146,0.475,57.53,1.81
user05,16,swipe_left,14,0.2459,295.1,291.9,144.9,291.9,0.43,0.0145,0.451,26.54,0.89
user05,17,double_tap,4,0.2912,184.2,162.7,183.3,161.6,0.3915,0.1507,0.522,13.6,0.0
user05,18,long_press,14,1.4384,199.6,330.2,203.7,327.8,0.4925,0.0163,0.511,49.1,0.0
user05,19,swipe_right,23,0.3942,207.6,264.1,493.8,264.1,0.4781,0.0155,0.504,30.31,0.95
user05,20,tap,2,0.0942,165.2,518.9,164.7,514.2,0.375,0.1768,0.5,36.7,0.0
user05,21,swipe_left,21,0.364,284.3,229.9,19.2,229.9,0.4931,0.0162,0.52,42.86,1.39
user05,22,pinch_in,33,0.5545,238.2,453.7,238.2,110.1,0.4928,0.0157,0.52,37.15,1.15
user05,23,swipe_up,20,0.3389,219.2,339.2,219.2,71.9,0.4236,0.0139,0.445,45.79,1.48
user05,24,swipe_left,25,0.4321,315.3,242.8,39.2,242.8,0.451,0.0148,0.476,59.6,1.88
user05,25,double_tap,4,0.4104,267.4,599.7,270.3,598.6,0.4485,0.1726,0.598,33.4,0.0
user05,26,swipe_up,12,0.2047,293.6,497.1,293.6,334.4,0.412,0.0143,0.432,25.47,0.88
user05,27,swipe_down,24,0.4026,221.1,516.4,221.1,794.0,0.4062,0.0132,0.427,35.95,1.15
user05,28,swipe_down,33,0.5628,202.6,350.2,202.6,624.6,0.4469,0.0141,0.471,60.91,1.88
user05,29,swipe_left,21,0.352,312.8,397.4,111.4,397.4,0.417,0.0138,0.44,56.87,1.82
user05,30,double_tap,4,0.3326,289.9,247.8,288.0,243.0,0.429,0.1651,0.572,35.8,0.0
user05,31,tap,2,0.0644,324.4,128.5,323.2,129.2,0.3785,0.1789,0.505,16.9,0.0
user05,32,tap,2,0.0727,207.2,219.4,199.9,217.7,0.3985,0.1874,0.531,30.1,0.0
user05,33,swipe_right,20,0.3372,256.2,435.9,456.3,435.9,0.5112,0.0167,0.537,49.82,1.6
user05,34,swipe_left,20,0.3426,262.5,578.0,63.6,578.0,0.4455,0.0147,0.468,42.24,1.38
user05,35,tap,2,0.0571,313.5,436.1,314.9,434.2,0.364,0.1711,0.485,19.8,0.0
user05,36,long_press,14,1.4677,238.3,515.7,242.0,517.3,0.4364,0.0147,0.453,33.8,0.0
user05,37,swipe_up,37,0.6272,261.0,275.2,261.0,-89.7,0.3942,0.0125,0.416,31.6,0.97
user05,38,swipe_left,31,0.5236,204.4,267.9,-125.2,267.9,0.4131,0.0132,0.435,20.52,0.66
user05,39,double_tap,4,0.3672,242.5,528.5,244.9,533.3,0.4095,0.1576,0.546,22.6,0.0
user05,40,swipe_up,28,0.4788,151.9,213.2,151.9,-149.8,0.509,0.0164,0.535,21.75,0.68
user05,41,double_tap,4,0.3421,203.1,512.8,204.1,508.8,0.39,0.1501,0.52,43.4,0.0
user05,42,pinch_in,21,0.3563,217.8,270.3,217.8,14.9,0.4246,0.0139,0.448,48.21,1.53
user05,43,long_press,14,1.4455,245.3,421.2,244.2,425.0,0.4533,0.0151,0.47,18.7,0.0
user05,44,swipe_right,35,0.5888,285.7,279.4,559.2,279.4,0.4224,0.0134,0.445,58.61,1.8
user05,45,long_press,14,1.4139,246.5,421.7,243.1,421.5,0.5061,0.0167,0.524,47.3,0.0
user05,46,pinch_in,18,0.3003,192.0,439.6,192.0,267.4,0.4389,0.0145,0.461,17.49,0.57
user05,47,swipe_up,26,0.4423,261.0,369.2,261.0,77.7,0.5235,0.0169,0.55,29.68,0.93
user05,48,swipe_right,13,0.2328,209.2,486.8,380.3,486.8,0.4815,0.0165,0.509,33.65,1.15
user05,49,long_press,10,1.073,295.2,538.5,293.5,537.3,0.5,0.0178,0.516,42.2,0.0
user05,50,swipe_up,41,0.6861,324.9,499.7,324.9,115.0,0.4587,0.0145,0.483,67.96,2.07
user05,51,swipe_up,27,0.4599,216.2,307.9,216.2,30.1,0.4331,0.0139,0.457,29.23,0.91
user05,52,swipe_right,22,0.3709,183.2,339.8,518.7,339.8,0.4759,0.0154,0.5,21.64,0.69
user05,53,double_tap,4,0.5597,283.4,240.4,284.4,238.7,0.3905,0.1507,0.521,50.2,0.0
user05,54,swipe_up,30,0.5152,187.2,394.1,187.2,36.6,0.4674,0.0149,0.491,31.49,0.97
user05,55,pinch_out,37,0.6248,332.0,548.2,332.0,258.6,0.5194,0.0164,0.548,19.01,0.58
user05,56,swipe_left,28,0.4692,215.0,388.4,-139.7,388.4,0.4629,0.0149,0.486,58.69,1.83
user05,57,swipe_down,28,0.4817,216.6,270.5,216.6,572.3,0.4921,0.0158,0.517,33.19,1.04
user05,58,swipe_right,41,0.6882,301.9,554.4,634.2,554.4,0.5178,0.0164,0.546,50.14,1.53
user05,59,pinch_in,14,0.2423,202.0,270.8,202.0,113.7,0.3917,0.0131,0.411,35.73,1.21
user05,60,pinch_in,38,0.6466,284.4,202.1,284.4,-194.1,0.4821,0.0153,0.507,51.23,1.58
user05,61,pinch_in,15,0.2567,208.3,425.1,208.3,250.2,0.4977,0.0169,0.526,50.97,1.72
user05,62,pinch_in,30,0.5037,261.6,505.6,261.6,200.8,0.4563,0.0147,0.48,34.03,1.05
user05,63,swipe_down,27,0.453,245.4,379.0,245.4,722.8,0.4672,0.015,0.493,50.13,1.56
user05,64,tap,2,0.0626,213.3,254.9,212.2,254.1,0.336,0.1584,0.448,31.9,0.0
user05,65,tap,2,0.0498,286.2,551.3,288.2,550.8,0.438,0.2065,0.584,30.9,0.0
user05,66,swipe_up,35,0.5876,261.4,462.3,261.4,188.1,0.4731,0.015,0.499,45.23,1.39
user05,67,swipe_up,13,0.2281,195.4,288.5,195.4,98.2,0.4987,0.0174,0.527,60.82,2.05
user05,68,swipe_right,34,0.5674,226.6,435.6,556.8,435.6,0.4817,0.0153,0.506,45.05,1.4
user05,69,swipe_left,25,0.417,194.5,304.5,-83.5,304.5,0.4722,0.0154,0.498,57.9,1.81
user05,70,swipe_left,31,0.5302,157.1,481.8,-115.9,481.8,0.4512,0.0145,0.476,30.91,0.97
user05,71,swipe_up,39,0.6557,293.7,229.2,293.7,-126.1,0.4792,0.0151,0.505,47.05,1.44
user05,72,tap,2,0.0511,319.4,460.4,318.2,460.3,0.4005,0.1888,0.534,38.5,0.0
user05,73,swipe_up,33,0.5565,156.4,387.7,156.4,6.6,0.4396,0.0141,0.463,63.19,1.95
user05,74,swipe_right,24,0.4017,306.8,407.7,671.3,407.7,0.5182,0.0168,0.544,48.51,1.55
user05,75,swipe_right,20,0.3416,309.1,366.8,516.4,366.8,0.4863,0.016,0.511,39.24,1.27
user05,76,swipe_down,35,0.5955,244.9,356.7,244.9,735.5,0.5501,0.0175,0.58,54.07,1.66
user05,77,swipe_down,40,0.6737,253.8,256.0,253.8,534.3,0.4354,0.0138,0.458,10.62,0.33
user05,78,swipe_left,30,0.511,275.3,491.0,-44.5,491.0,0.4551,0.0145,0.478,61.15,1.92
user05,79,swipe_right,25,0.432,319.8,549.9,512.5,549.9,0.4181,0.0135,0.441,39.68,1.24
user05,80,swipe_down,13,0.2223,153.7,555.5,153.7,762.2,0.416,0.0143,0.44,53.46,1.84
user05,81,pinch_in,17,0.2961,254.3,268.8,254.3,42.5,0.4995,0.0167,0.527,32.24,1.07
user05,82,swipe_left,17,0.2838,307.7,266.9,150.6,266.9,0.4546,0.0152,0.48,34.13,1.14
user05,83,tap,2,0.0709,345.2,298.7,345.5,295.7,0.415,0.1952,0.553,18.1,0.0
user05,84,tap,2,0.075,168.2,507.4,167.1,508.5,0.439,0.2065,0.585,53.8,0.0
user05,85,swipe_left,54,0.9034,309.9,432.2,-33.4,432.2,0.4768,0.0149,0.501,39.74,1.2
user05,86,swipe_left,20,0.3413,259.2,285.6,-9.7,285.6,0.4505,0.0147,0.473,51.29,1.65
user05,87,swipe_left,32,0.5489,158.1,361.2,-225.7,361.2,0.4512,0.0144,0.474,26.61,0.82
user05,88,swipe_up,25,0.4267,324.7,233.6,324.7,-86.8,0.4721,0.0154,0.498,76.47,2.41
user05,89,double_tap,4,0.2533,283.8,665.4,287.1,666.6,0.339,0.1305,0.452,22.1,0.0
user05,90,swipe_right,26,0.4443,315.8,243.6,492.8,243.6,0.4152,0.0134,0.436,49.78,1.57
user05,91,swipe_right,14,0.2454,178.7,408.9,330.5,408.9,0.4786,0.0162,0.502,29.81,0.99
user05,92,swipe_left,34,0.5727,319.1,564.5,-36.0,564.5,0.5462,0.0174,0.574,35.06,1.08
user05,93,swipe_down,21,0.3629,197.1,563.3,197.1,790.7,0.4878,0.0161,0.515,44.26,1.43
user05,94,pinch_out,18,0.3013,194.7,482.2,194.7,284.5,0.4621,0.0152,0.485,16.27,0.54
user05,95,tap,2,0.0489,200.6,673.4,200.5,670.2,0.4875,0.2298,0.65,24.5,0.0
user05,96,pinch_in,17,0.2939,183.3,514.5,183.3,302.0,0.5324,0.0178,0.562,44.31,1.47
user05,97,swipe_right,19,0.3242,175.3,426.3,360.8,426.3,0.5047,0.0168,0.533,35.54,1.15
user05,98,double_tap,4,0.3527,331.0,360.8,329.4,364.6,0.433,0.1663,0.577,30.5,0.0
user05,99,swipe_up,23,0.3996,223.3,440.6,223.3,139.0,0.4819,0.0157,0.508,56.5,1.78
user05,100,swipe_right,27,0.465,243.0,599.0,516.3,599.0,0.4709,0.0152,0.497,53.26,1.67
user05,101,swipe_down,26,0.4477,291.6,301.7,291.6,667.2,0.473,0.0153,0.497,50.02,1.59
user05,102,pinch_in,30,0.5139,345.1,547.3,345.1,174.0,0.459,0.0146,0.482,37.31,1.17
user05,103,pinch_in,20,0.3428,299.1,402.1,299.1,90.2,0.4925,0.0162,0.517,32.15,1.04
user05,104,tap,2,0.0626,248.4,203.1,247.4,201.7,0.4115,0.1945,0.549,21.0,0.0
user05,105,tap,2,0.0585,272.0,192.4,270.1,191.4,0.4275,0.2015,0.57,38.9,0.0
user05,106,swipe_right,20,0.3441,239.6,440.4,471.5,440.4,0.421,0.0137,0.442,44.15,1.44
user05,107,long_press,12,1.2264,317.1,295.5,318.1,292.5,0.4711,0.0156,0.486,41.6,0.0
user05,108,swipe_right,52,0.8719,264.4,541.2,615.9,541.2,0.4753,0.0148,0.5,60.18,1.83
user05,109,swipe_down,22,0.3687,247.4,342.2,247.4,555.1,0.5345,0.0173,0.561,38.24,1.23
user05,110,double_tap,4,0.3388,303.9,246.9,306.2,244.3,0.407,0.157,0.543,11.9,0.0
user05,111,long_press,12,1.2029,235.4,371.3,236.5,370.5,0.5242,0.0174,0.541,61.9,0.0
user05,112,swipe_right,34,0.576,331.1,363.8,719.3,363.8,0.439,0.0139,0.461,52.52,1.63
user05,113,pinch_in,23,0.3966,237.1,360.8,237.1,66.8,0.4397,0.0144,0.464,34.14,1.09
user05,114,tap,2,0.0702,300.0,405.9,299.7,405.5,0.405,0.1909,0.54,27.7,0.0
user05,115,pinch_in,18,0.3025,319.1,318.7,319.1,80.2,0.5357,0.0177,0.562,57.3,1.87
user05,116,pinch_in,23,0.3838,260.8,411.9,260.8,181.5,0.5157,0.0166,0.544,40.6,1.29
user05,117,swipe_up,27,0.4531,177.9,510.7,177.9,204.2,0.4734,0.0153,0.499,42.11,1.32
user05,118,swipe_right,22,0.3723,271.9,236.4,540.4,236.4,0.4547,0.0148,0.478,46.68,1.49
user05,119,swipe_down,13,0.2305,332.3,361.5,332.3,563.4,0.4927,0.017,0.521,25.67,0.88
user05,120,tap,2,0.0613,324.2,549.0,325.1,546.7,0.4125,0.1945,0.55,44.6,0.0
user05,121,tap,2,0.0666,335.8,624.6,333.1,622.7,0.362,0.1711,0.483,28.4,0.0
user05,122,tap,2,0.0492,330.6,677.4,330.8,682.7,0.439,0.2065,0.585,36.5,0.0
user05,123,double_tap,4,0.3205,194.0,321.0,194.5,323.0,0.4445,0.1715,0.593,35.8,0.0
user05,124,swipe_down,27,0.4577,315.4,537.8,315.4,830.1,0.487,0.0159,0.514,43.28,1.34
user05,125,swipe_right,15,0.2574,263.0,388.2,425.0,388.2,0.4963,0.0169,0.524,10.59,0.36
user05,126,pinch_in,14,0.2473,177.8,201.4,177.8,-10.0,0.5486,0.0182,0.575,22.84,0.75
user05,127,double_tap,4,0.4001,169.8,645.3,168.5,650.3,0.3905,0.1507,0.521,22.9,0.0
user05,128,swipe_left,42,0.7121,295.1,227.3,-93.7,227.3,0.468,0.0147,0.492,32.22,0.98
user05,129,swipe_down,26,0.45,343.6,391.2,343.6,723.0,0.4762,0.0155,0.501,43.43,1.36
user05,130,swipe_right,30,0.5145,275.3,415.2,590.8,415.2,0.4217,0.0136,0.443,43.37,1.34
user05,131,swipe_up,44,0.7346,338.0,504.8,338.0,111.7,0.405,0.0128,0.426,46.98,1.43
user05,132,swipe_up,36,0.6094,251.8,555.1,251.8,231.7,0.4475,0.0142,0.47,25.93,0.81
user05,133,swipe_right,19,0.3273,185.4,453.6,426.4,453.6,0.4422,0.0148,0.467,11.55,0.37
user05,134,long_press,11,1.1655,303.6,465.3,299.9,466.1,0.4348,0.0149,0.449,31.2,0.0
user05,135,double_tap,4,0.3809,195.4,577.2,200.7,575.4,0.393,0.1513,0.524,46.0,0.0
user05,136,swipe_up,41,0.6921,308.8,281.0,308.8,-108.8,0.5101,0.0161,0.538,29.48,0.89
user05,137,tap,2,0.0566,333.4,524.1,336.0,522.8,0.3965,0.1874,0.529,33.7,0.0
user05,138,long_press,8,0.8335,178.0,203.0,177.6,204.3,0.521,0.0202,0.541,25.7,0.0
user05,139,double_tap,4,0.4263,190.3,357.8,186.4,355.6,0.3895,0.1495,0.519,30.6,0.0
user05,140,tap,2,0.0856,343.3,445.0,343.1,447.2,0.4185,0.1973,0.558,40.8,0.0
user05,141,swipe_left,26,0.4352,337.6,221.5,62.3,221.5,0.5052,0.0162,0.531,43.61,1.37
user05,142,swipe_right,26,0.4421,291.7,253.8,645.3,253.8,0.4902,0.0158,0.515,46.83,1.47
user05,143,tap,2,0.0557,339.9,303.7,335.4,304.6,0.3585,0.169,0.478,31.0,0.0
user05,144,swipe_up,21,0.3559,210.8,379.9,210.8,93.9,0.5377,0.0176,0.567,47.2,1.52
user05,145,swipe_up,29,0.491,166.2,354.9,166.2,54.9,0.4639,0.0149,0.489,49.24,1.54
user05,146,tap,2,0.0871,288.9,133.3,285.8,132.5,0.4345,0.2044,0.579,23.5,0.0
user05,147,swipe_left,30,0.5005,308.0,462.5,5.8,462.5,0.5672,0.0182,0.596,46.49,1.45
user05,148,swipe_right,37,0.6183,151.1,460.5,351.8,460.5,0.4421,0.014,0.466,34.62,1.06
user05,149,pinch_in,27,0.459,271.8,310.0,271.8,-19.2,0.4701,0.0152,0.496,27.58,0.86
user05,150,tap,2,0.0655,215.0,115.2,217.3,117.3,0.386,0.1824,0.515,39.6,0.0
user05,151,pinch_in,17,0.2955,305.0,373.2,305.0,175.2,0.4242,0.0142,0.448,33.41,1.11
user05,152,pinch_in,29,0.4927,214.0,335.8,214.0,15.8,0.4634,0.0149,0.489,23.63,0.73
user05,153,swipe_up,28,0.4667,166.2,550.0,166.2,185.3,0.4437,0.0141,0.466,50.38,1.56
user05,154,swipe_right,20,0.3371,254.7,394.1,493.2,394.1,0.537,0.0177,0.564,34.8,1.12
user05,155,pinch_in,15,0.2647,265.4,463.0,265.4,264.3,0.46,0.0156,0.486,37.39,1.24
user05,156,swipe_right,22,0.3676,297.3,383.2,589.7,383.2,0.5017,0.0165,0.527,50.35,1.6
user05,157,double_tap,4,0.3911,268.4,627.2,268.3,629.1,0.407,0.157,0.543,13.3,0.0
user05,158,double_tap,4,0.4121,201.4,438.5,205.6,444.6,0.4035,0.1553,0.538,16.4,0.0
user05,159,pinch_out,34,0.5783,334.8,468.2,334.8,85.3,0.4912,0.0156,0.516,35.93,1.1
user05,160,swipe_right,24,0.4098,263.3,259.8,530.6,259.8,0.4762,0.0154,0.5,10.6,0.34
user05,161,long_press,13,1.3103,153.3,264.6,153.0,263.5,0.4367,0.0142,0.451,49.3,0.0
user05,162,tap,2,0.09,231.6,264.3,228.7,262.8,0.4155,0.1959,0.554,27.7,0.0
user05,163,pinch_in,25,0.4168,279.3,581.1,279.3,232.5,0.4057,0.0132,0.428,69.23,2.19
user05,164,swipe_up,39,0.6648,315.3,492.5,315.3,95.2,0.3945,0.0125,0.416,56.28,1.73
user05,165,swipe_left,20,0.3459,222.4,493.6,46.4,493.6,0.4827,0.0157,0.507,47.14,1.53
user05,166,long_press,15,1.5521,253.8,277.8,256.0,275.9,0.5237,0.019,0.546,56.0,0.0
user05,167,swipe_down,34,0.5747,200.4,329.9,200.4,688.6,0.5177,0.0165,0.544,56.91,1.75
user05,168,double_tap,4,0.3957,215.8,420.4,216.8,420.6,0.384,0.1478,0.512,30.4,0.0
user05,169,tap,2,0.0524,156.2,534.3,158.1,536.8,0.4615,0.2171,0.615,41.8,0.0
user05,170,swipe_down,25,0.4227,175.6,306.1,175.6,664.9,0.4898,0.0158,0.517,23.97,0.75
user05,171,swipe_left,30,0.5121,271.3,502.1,-104.1,502.1,0.4699,0.015,0.494,33.43,1.04
user05,172,pinch_in,23,0.3929,155.0,353.5,155.0,168.1,0.444,0.0145,0.469,50.51,1.6
user05,173,double_tap,4,0.3175,282.2,126.4,282.8,126.8,0.3945,0.1518,0.526,39.3,0.0
user05,174,swipe_right,21,0.3565,271.9,244.2,578.9,244.2,0.4462,0.0145,0.471,59.6,1.91
user05,175,swipe_down,21,0.3619,325.2,385.0,325.2,604.9,0.5879,0.0193,0.62,55.71,1.78
user05,176,swipe_down,22,0.3753,304.7,389.7,304.7,627.5,0.4736,0.0153,0.497,23.31,0.75
user05,177,swipe_right,37,0.6212,293.6,558.8,669.0,558.8,0.4774,0.0151,0.503,56.41,1.74
user05,178,swipe_left,20,0.3468,210.5,444.9,-49.1,444.9,0.4607,0.015,0.484,27.96,0.9
user05,179,double_tap,4,0.2995,329.0,504.5,330.2,502.1,0.3815,0.1472,0.509,22.0,0.0
user05,180,swipe_left,20,0.3448,339.5,336.9,79.4,336.9,0.4619,0.0152,0.485,44.56,1.45
user05,181,double_tap,4,0.3676,267.5,290.8,264.5,291.1,0.459,0.1767,0.612,35.8,0.0
user05,182,swipe_up,29,0.4935,340.3,577.9,340.3,233.0,0.4425,0.0142,0.467,10.6,0.34
user05,183,tap,2,0.0774,241.0,313.7,238.1,314.6,0.433,0.2036,0.577,32.4,0.0
user05,184,swipe_up,34,0.5737,317.4,211.1,317.4,-147.4,0.4836,0.0153,0.508,27.45,0.85
user05,185,swipe_down,21,0.3653,182.9,426.3,182.9,654.5,0.4827,0.0157,0.509,48.36,1.55
user05,186,swipe_down,23,0.3964,226.6,548.6,226.6,789.4,0.5097,0.0166,0.538,25.07,0.8
user05,187,pinch_out,21,0.3654,228.6,201.7,228.6,-16.7,0.4798,0.0156,0.506,37.69,1.22
user05,188,tap,2,0.064,309.9,180.0,312.8,178.7,0.425,0.2008,0.567,49.8,0.0
user05,189,swipe_left,28,0.4684,346.3,339.8,-34.2,339.8,0.4495,0.0143,0.472,62.52,1.95
user05,190,pinch_out,21,0.362,240.0,497.7,240.0,231.0,0.4466,0.0147,0.471,51.71,1.65
user05,191,swipe_down,30,0.5139,301.1,442.0,301.1,764.2,0.4583,0.0147,0.482,22.64,0.71
user05,192,swipe_left,32,0.5352,184.0,461.0,-119.1,461.0,0.4698,0.015,0.494,39.06,1.21
user05,193,long_press,14,1.4172,199.0,558.4,198.7,558.0,0.4781,0.0157,0.495,24.2,0.0
user05,194,tap,2,0.0802,345.9,378.6,345.9,379.1,0.4105,0.193,0.547,47.9,0.0
user05,195,swipe_left,31,0.5256,238.8,393.7,-119.1,393.7,0.4145,0.0133,0.437,44.14,1.36
user05,196,pinch_in,24,0.4114,274.4,210.0,274.4,-39.9,0.4686,0.0151,0.492,37.83,1.2
user05,197,pinch_out,32,0.5448,211.4,562.0,211.4,194.7,0.4644,0.0148,0.488,28.73,0.89
user05,198,swipe_down,28,0.4798,156.4,253.4,156.4,575.0,0.4445,0.0143,0.467,57.74,1.81
user05,199,swipe_down,40,0.6736,186.5,443.9,186.5,775.5,0.5363,0.0169,0.564,33.02,1.02
user06,0,pinch_out,26,0.4448,259.4,221.3,259.4,-28.3,0.5469,0.0177,0.575,64.08,2.0
user06,1,swipe_left,25,0.4263,218.2,417.4,-142.0,417.4,0.6442,0.0208,0.679,69.92,2.2
user06,2,pinch_in,24,0.4153,269.6,541.9,269.6,296.5,0.5807,0.0188,0.61,57.88,1.83
user06,3,double_tap,4,0.3192,275.5,325.4,276.4,326.0,0.542,0.209,0.723,51.0,0.0
user06,4,double_tap,4,0.4065,344.3,150.2,348.4,143.6,0.5925,0.2281,0.79,57.7,0.0
user06,5,tap,2,0.0838,339.0,428.9,340.9,432.1,0.492,0.2319,0.656,55.3,0.0
user06,6,tap,2,0.0719,322.2,593.0,324.3,591.8,0.4875,0.2298,0.65,40.6,0.0
user06,7,swipe_up,20,0.3445,300.9,310.4,300.9,49.5,0.5814,0.019,0.61,61.25,1.98
user06,8,swipe_up,27,0.4543,333.5,471.9,333.5,119.2,0.5933,0.0191,0.626,66.11,2.07
user06,9,swipe_up,36,0.605,293.0,455.8,293.0,139.9,0.6495,0.0206,0.683,58.26,1.78
user06,10,swipe_right,34,0.5714,208.9,549.1,558.1,549.1,0.7247,0.023,0.762,58.14,1.78
user06,11,tap,2,0.0983,176.1,229.0,175.2,231.4,0.573,0.2701,0.764,33.9,0.0
user06,12,long_press,10,1.0609,220.8,200.0,219.6,199.5,0.6364,0.0229,0.657,53.7,0.0
user06,13,swipe_left,28,0.4806,313.0,343.7,17.9,343.7,0.6165,0.0198,0.648,60.91,1.92
user06,14,swipe_up,28,0.4824,349.7,451.9,349.7,103.1,0.634,0.0201,0.666,70.26,2.19
user06,15,long_press,12,1.2844,220.5,443.7,219.6,444.5,0.6192,0.0203,0.64,63.4,0.0
user06,16,swipe_left,27,0.4589,321.3,247.0,-1.1,247.0,0.5797,0.0187,0.611,76.63,2.4
user06,17,swipe_right,29,0.497,165.2,478.2,378.4,478.2,0.6068,0.0195,0.64,46.42,1.46
user06,18,swipe_left,10,0.1783,188.5,498.1,6.7,498.1,0.6132,0.0216,0.642,39.24,1.42
user06,19,swipe_up,18,0.3086,211.4,390.1,211.4,127.8,0.5818,0.0192,0.611,69.03,2.26
user06,20,double_tap,4,0.3359,274.7,486.6,278.1,487.0,0.508,0.1951,0.677,57.4,0.0
user06,21,double_tap,4,0.3454,193.1,339.6,189.1,341.8,0.599,0.2309,0.799,46.7,0.0
user06,22,swipe_up,24,0.4069,321.6,471.2,321.6,247.2,0.5931,0.0192,0.623,62.89,1.99
user06,23,tap,2,0.0804,293.0,536.9,293.4,538.9,0.5055,0.2383,0.674,55.2,0.0
user06,24,swipe_right,20,0.3375,324.4,290.0,593.6,290.0,0.6509,0.0212,0.683,59.95,1.94
user06,25,swipe_down,50,0.8405,222.7,349.4,222.7,747.7,0.5708,0.0179,0.6,57.09,1.72
user06,26,pinch_out,17,0.2948,253.1,427.9,253.1,222.5,0.5991,0.0202,0.632,55.81,1.81
user06,27,double_tap,4,0.3447,211.9,653.3,210.2,655.1,0.522,0.2009,0.696,37.9,0.0
user06,28,pinch_in,14,0.2336,267.7,511.4,267.7,338.0,0.5813,0.0197,0.61,62.14,2.09
user06,29,swipe_down,34,0.573,346.4,225.2,346.4,601.0,0.62,0.0199,0.652,65.24,2.02
user06,30,long_press,10,1.0377,213.3,684.8,214.3,684.7,0.6782,0.0246,0.7,64.4,0.0
user06,31,tap,2,0.0828,193.3,201.8,189.8,205.1,0.535,0.2517,0.713,41.5,0.0
user06,32,swipe_up,19,0.3182,217.4,318.3,217.4,151.6,0.6272,0.0208,0.662,49.18,1.58
user06,33,pinch_in,37,0.6211,290.3,502.5,290.3,157.5,0.6458,0.0205,0.681,52.37,1.61
user06,34,swipe_right,13,0.2272,335.3,441.3,536.1,441.3,0.6159,0.0212,0.651,60.88,2.09
user06,35,pinch_in,18,0.3043,169.7,591.8,169.7,367.8,0.6039,0.0201,0.634,55.27,1.81
user06,36,pinch_in,13,0.2299,288.0,426.2,288.0,256.9,0.5496,0.0191,0.581,58.89,2.02
user06,37,swipe_down,21,0.3508,168.7,393.7,168.7,566.4,0.6067,0.0199,0.64,56.93,1.84
user06,38,swipe_down,16,0.2808,334.9,530.5,334.9,764.0,0.6539,0.0217,0.686,56.7,1.88
user06,39,swipe_left,21,0.3624,316.4,538.5,-3.2,538.5,0.646,0.0212,0.682,62.61,2.01
user06,40,pinch_out,22,0.3678,343.6,538.9,343.6,311.4,0.6695,0.0217,0.703,61.65,1.97
user06,41,swipe_down,38,0.6351,169.0,328.3,169.0,575.1,0.7264,0.023,0.764,71.33,2.19
user06,42,tap,2,0.0733,181.6,616.4,178.1,615.9,0.5145,0.2425,0.686,55.2,0.0
user06,43,swipe_down,17,0.2969,267.9,310.3,267.9,504.1,0.6198,0.0208,0.655,58.6,1.91
user06,44,double_tap,4,0.3242,339.4,160.3,344.0,159.9,0.513,0.1975,0.684,50.4,0.0
user06,45,pinch_in,29,0.4951,342.0,331.7,342.0,-39.8,0.6463,0.0209,0.682,60.96,1.91
user06,46,long_press,9,0.9671,192.0,475.2,194.1,474.3,0.7113,0.0267,0.735,37.9,0.0
user06,47,double_tap,4,0.3529,169.1,337.6,169.2,334.5,0.592,0.2275,0.789,40.9,0.0
user06,48,tap,2,0.0897,340.5,575.8,340.2,577.3,0.5395,0.2539,0.719,66.2,0.0
user06,49,swipe_left,37,0.617,341.6,361.7,-27.3,361.7,0.5321,0.0169,0.561,48.78,1.51
user06,50,swipe_down,29,0.4975,302.8,432.4,302.8,738.8,0.6076,0.0195,0.641,61.92,1.93
user06,51,swipe_up,16,0.2752,259.9,309.2,259.9,98.1,0.5571,0.0187,0.585,84.11,2.79
user06,52,swipe_down,27,0.4556,187.3,270.9,187.3,639.1,0.6447,0.0209,0.68,73.43,2.32
user06,53,double_tap,4,0.2628,281.9,344.1,279.0,346.9,0.5215,0.2003,0.695,56.7,0.0
user06,54,long_press,12,1.2384,350.2,145.0,348.6,145.4,0.711,0.0234,0.734,56.5,0.0
user06,55,swipe_right,23,0.3875,284.7,438.5,508.3,438.5,0.5727,0.0187,0.604,60.96,1.93
user06,56,swipe_up,19,0.3313,275.6,418.9,275.6,211.1,0.5926,0.0194,0.625,57.11,1.84
user06,57,swipe_left,28,0.4694,300.6,421.4,60.1,421.4,0.6765,0.0218,0.711,65.06,2.03
user06,58,swipe_right,35,0.5913,171.2,311.2,543.7,311.2,0.6311,0.02,0.665,57.41,1.76
user06,59,tap,2,0.0906,232.7,143.6,233.1,148.4,0.6405,0.3019,0.854,57.1,0.0
user06,60,swipe_right,45,0.7607,212.2,379.9,563.7,379.9,0.6524,0.0205,0.688,62.94,1.91
user06,61,swipe_down,14,0.2481,213.1,517.0,213.1,699.6,0.6757,0.0225,0.708,47.94,1.62
user06,62,double_tap,4,0.4189,163.7,107.6,169.7,107.3,0.5535,0.213,0.738,55.9,0.0
user06,63,swipe_up,17,0.2948,247.1,334.2,247.1,163.6,0.6163,0.0206,0.651,78.41,2.59
user06,64,tap,2,0.0528,204.3,469.0,203.7,470.4,0.543,0.256,0.724,44.8,0.0
user06,65,pinch_out,17,0.2855,309.5,438.3,309.5,209.7,0.6598,0.0221,0.697,63.54,2.07
user06,66,tap,2,0.079,256.7,594.1,256.0,594.5,0.6045,0.285,0.806,45.7,0.0
user06,67,double_tap,4,0.2725,224.3,123.6,223.5,116.3,0.5955,0.2292,0.794,29.2,0.0
user06,68,pinch_out,17,0.2845,302.8,317.0,302.8,146.6,0.5599,0.0187,0.591,72.6,2.38
user06,69,swipe_up,23,0.3903,347.7,387.9,347.7,173.8,0.5362,0.0176,0.566,44.0,1.4
user06,70,pinch_in,14,0.239,338.8,435.8,338.8,199.7,0.615,0.0208,0.645,58.67,1.99
user06,71,tap,2,0.0749,332.1,264.4,333.2,262.8,0.516,0.2432,0.688,52.6,0.0
user06,72,tap,2,0.0689,285.9,310.7,283.1,310.6,0.5895,0.2779,0.786,34.0,0.0
user06,73,pinch_out,29,0.4864,190.2,516.0,190.2,170.1,0.6404,0.0205,0.675,49.24,1.54
user06,74,swipe_up,31,0.5236,187.7,400.2,187.7,51.9,0.629,0.0201,0.663,52.85,1.65
user06,75,swipe_down,26,0.436,218.2,464.8,218.2,731.5,0.5657,0.0182,0.594,74.64,2.36
user06,76,long_press,9,0.9413,179.4,571.8,180.4,573.8,0.6856,0.0259,0.709,62.3,0.0
user06,77,swipe_right,34,0.5683,300.2,225.6,628.9,225.6,0.6512,0.0207,0.685,58.58,1.81
user06,78,tap,2,0.0297,330.2,287.8,328.7,289.1,0.5475,0.2581,0.73,76.1,0.0
user06,79,swipe_right,38,0.6471,282.7,548.5,639.6,548.5,0.6475,0.0205,0.681,63.37,1.93
user06,80,swipe_right,30,0.5015,298.7,411.2,551.6,411.2,0.6435,0.0206,0.676,43.75,1.36
user06,81,swipe_left,16,0.2736,192.8,588.8,7.1,588.8,0.6665,0.0221,0.699,65.15,2.14
user06,82,swipe_up,16,0.2777,345.6,373.8,345.6,186.2,0.5805,0.0194,0.609,54.56,1.8
user06,83,swipe_right,15,0.2654,241.8,437.4,458.6,437.4,0.672,0.0229,0.71,67.03,2.24
user06,84,tap,2,0.0438,347.2,129.4,346.8,128.3,0.552,0.2602,0.736,56.8,0.0
user06,85,long_press,10,1.041,272.9,647.6,275.2,649.2,0.6065,0.0218,0.626,53.1,0.0
user06,86,double_tap,4,0.3072,208.5,298.2,206.0,300.2,0.504,0.194,0.672,60.7,0.0
user06,87,swipe_right,32,0.5451,176.8,229.7,574.9,229.7,0.6555,0.0209,0.689,54.41,1.68
user06,88,tap,2,0.0814,258.4,559.3,256.0,562.3,0.504,0.2376,0.672,50.6,0.0
user06,89,pinch_out,16,0.2728,214.3,595.8,214.3,406.4,0.6325,0.0213,0.664,65.66,2.16
user06,90,tap,2,0.0745,308.6,359.6,312.4,356.9,0.534,0.2517,0.712,49.7,0.0
user06,91,swipe_up,12,0.2121,268.3,205.1,268.3,54.8,0.674,0.0227,0.706,58.63,2.03
user06,92,tap,2,0.0772,187.8,215.1,186.1,214.2,0.5445,0.2567,0.726,41.4,0.0
user06,93,tap,2,0.0728,282.4,532.7,280.8,531.8,0.5325,0.251,0.71,44.0,0.0
user06,94,tap,2,0.0919,286.0,485.8,285.2,484.3,0.5355,0.2524,0.714,45.8,0.0
user06,95,tap,2,0.0781,272.6,418.6,274.6,417.2,0.587,0.2772,0.783,61.5,0.0
user06,96,tap,2,0.0883,330.4,331.4,330.7,330.1,0.5765,0.2722,0.769,54.1,0.0
user06,97,swipe_down,49,0.8283,227.6,240.4,227.6,590.9,0.6793,0.0214,0.716,62.02,1.87
user06,98,pinch_in,20,0.3471,193.3,305.4,193.3,103.3,0.6607,0.0216,0.694,67.63,2.17
user06,99,double_tap,4,0.3878,339.6,530.1,339.0,524.8,0.558,0.2148,0.744,55.5,0.0
user06,100,swipe_right,27,0.4613,329.1,546.5,701.7,546.5,0.6079,0.0195,0.641,86.51,2.71
user06,101,swipe_left,21,0.3576,279.8,232.7,96.0,232.7,0.6502,0.0213,0.686,58.47,1.9
user06,102,swipe_down,27,0.4537,198.1,343.5,198.1,722.2,0.6647,0.0214,0.701,54.2,1.69
user06,103,tap,2,0.0794,297.6,394.1,299.0,392.3,0.5085,0.2397,0.678,65.4,0.0
user06,104,long_press,9,0.9016,229.7,547.2,234.3,544.9,0.7222,0.0273,0.748,48.2,0.0
user06,105,long_press,9,0.9339,301.5,292.1,304.5,290.5,0.6051,0.0228,0.626,59.8,0.0
user06,106,double_tap,4,0.3387,253.0,588.4,254.5,586.8,0.5755,0.2211,0.767,62.2,0.0
user06,107,swipe_right,20,0.337,260.1,248.8,438.3,248.8,0.6046,0.0198,0.635,66.86,2.14
user06,108,swipe_up,19,0.329,161.7,424.1,161.7,252.9,0.6693,0.0222,0.706,72.76,2.37
user06,109,pinch_in,20,0.3368,211.2,287.1,211.2,55.3,0.6546,0.0214,0.687,64.38,2.09
user06,110,tap,2,0.072,184.5,255.2,186.0,255.5,0.5935,0.2793,0.791,29.5,0.0
user06,111,double_tap,4,0.3096,283.3,449.6,286.2,451.0,0.4935,0.1899,0.658,45.7,0.0
user06,112,swipe_right,29,0.4952,274.1,367.9,577.4,367.9,0.6463,0.0209,0.682,51.27,1.6
user06,113,double_tap,4,0.288,259.1,476.6,252.4,472.8,0.5295,0.2038,0.706,44.5,0.0
user06,114,pinch_in,18,0.3016,286.0,558.9,286.0,374.9,0.6214,0.0205,0.652,79.61,2.59
user06,115,swipe_left,24,0.415,208.5,269.7,-139.3,269.7,0.6372,0.0206,0.669,37.39,1.2
user06,116,pinch_out,33,0.5667,314.8,392.4,314.8,73.9,0.6553,0.021,0.691,60.22,1.87
user06,117,swipe_right,22,0.3721,313.4,530.0,522.7,530.0,0.6316,0.0205,0.663,58.18,1.84
user06,118,swipe_left,20,0.336,207.5,437.0,-17.0,437.0,0.7485,0.0246,0.786,55.85,1.8
user06,119,swipe_up,32,0.5365,178.9,444.5,178.9,61.2,0.4959,0.0157,0.521,63.36,1.95
user06,120,swipe_down,29,0.4878,220.5,269.4,220.5,512.7,0.5863,0.0188,0.618,58.32,1.81
user06,121,swipe_right,27,0.462,188.5,308.3,552.0,308.3,0.5649,0.0182,0.596,59.39,1.86
user06,122,tap,2,0.0689,241.0,189.8,241.1,188.1,0.575,0.2715,0.767,27.7,0.0
user06,123,swipe_down,23,0.3913,191.6,520.1,191.6,826.3,0.6163,0.02,0.65,37.86,1.2
user06,124,swipe_right,21,0.3589,342.0,408.0,592.1,408.0,0.5955,0.0195,0.628,48.57,1.56
user06,125,tap,2,0.0934,305.8,304.1,307.7,303.5,0.5585,0.2638,0.745,33.0,0.0
user06,126,swipe_up,22,0.373,274.7,466.5,274.7,179.9,0.6236,0.0203,0.655,67.67,2.15
user06,127,swipe_down,18,0.3134,172.8,233.6,172.8,468.5,0.6569,0.0217,0.69,54.17,1.77
user06,128,swipe_left,14,0.2346,183.5,591.4,-60.3,591.4,0.6377,0.0214,0.669,85.41,2.87
user06,129,swipe_up,27,0.4605,157.8,539.1,157.8,173.1,0.6269,0.0203,0.661,57.6,1.8
user06,130,tap,2,0.078,264.9,587.9,265.9,588.0,0.568,0.2673,0.757,49.4,0.0
user06,131,pinch_out,37,0.6221,251.3,548.4,251.3,345.0,0.6278,0.0199,0.662,54.93,1.69
user06,132,swipe_right,25,0.4171,221.7,376.2,501.5,376.2,0.6224,0.0202,0.656,69.1,2.18
user06,133,tap,2,0.0935,310.1,371.3,307.6,372.2,0.5515,0.2595,0.735,60.6,0.0
user06,134,swipe_up,10,0.1755,206.5,469.4,206.5,314.8,0.5996,0.0213,0.628,51.84,1.84
user06,135,double_tap,4,0.4123,203.1,286.0,201.6,287.6,0.489,0.1882,0.652,47.9,0.0
user06,136,swipe_up,38,0.6406,197.5,401.3,197.5,19.8,0.5554,0.0176,0.584,70.2,2.15
user06,137,long_press,11,1.1344,213.4,690.2,216.1,690.0,0.7115,0.0246,0.734,54.5,0.0
user06,138,tap,2,0.0766,232.9,686.3,233.5,686.1,0.5865,0.2765,0.782,48.8,0.0
user06,139,swipe_up,22,0.3677,201.0,322.0,201.0,82.0,0.601,0.0194,0.631,55.45,1.76
user06,140,swipe_right,26,0.4381,315.5,371.1,625.8,371.1,0.724,0.0234,0.761,84.86,2.66
user06,141,pinch_out,32,0.539,278.9,270.8,278.9,-19.3,0.6154,0.0196,0.647,74.93,2.31
user06,142,pinch_out,12,0.2091,267.4,309.8,267.4,151.7,0.6277,0.0218,0.658,55.15,1.92
user06,143,long_press,9,0.9801,205.1,578.3,205.1,578.0,0.6449,0.0241,0.666,48.3,0.0
user06,144,swipe_down,13,0.2193,289.0,360.5,289.0,558.7,0.6192,0.0213,0.654,63.52,2.16
user06,145,swipe_left,18,0.3115,191.0,320.6,-9.3,320.6,0.6052,0.0199,0.635,38.49,1.26
user06,146,double_tap,4,0.2967,292.5,481.0,294.0,475.0,0.576,0.2217,0.768,44.0,0.0
user06,147,pinch_out,23,0.3985,154.5,268.6,154.5,-22.6,0.5727,0.0187,0.604,50.6,1.6
user06,148,double_tap,4,0.2603,190.5,501.0,190.6,505.5,0.551,0.2125,0.735,50.9,0.0
user06,149,double_tap,4,0.285,202.6,127.1,202.2,123.4,0.576,0.2217,0.768,44.5,0.0
user06,150,tap,2,0.0573,288.6,419.3,287.7,420.4,0.5305,0.2496,0.707,24.7,0.0
user06,151,double_tap,4,0.3343,301.5,351.5,301.9,349.3,0.5355,0.2061,0.714,26.2,0.0
user06,152,tap,2,0.1185,320.0,697.6,321.0,697.6,0.4635,0.2185,0.618,47.5,0.0
user06,153,pinch_in,23,0.3859,179.7,542.1,179.7,223.3,0.6787,0.0223,0.716,65.93,2.1
user06,154,swipe_down,23,0.3973,317.9,344.2,317.9,600.9,0.6032,0.0196,0.636,74.05,2.35
user06,155,pinch_out,31,0.5211,237.8,293.6,237.8,40.7,0.6399,0.0205,0.675,63.5,1.98
user06,156,double_tap,4,0.2975,171.9,262.3,173.3,259.9,0.543,0.209,0.724,40.0,0.0
user06,157,double_tap,4,0.3529,284.8,301.6,283.5,300.9,0.5575,0.2142,0.743,33.3,0.0
user06,158,swipe_left,17,0.2863,266.2,583.5,110.9,583.5,0.6829,0.0228,0.721,75.31,2.47
user06,159,double_tap,4,0.2573,341.8,617.4,342.9,620.7,0.5825,0.2246,0.777,41.0,0.0
user06,160,double_tap,4,0.2993,162.9,472.7,159.9,470.1,0.537,0.2067,0.716,49.9,0.0
user06,161,swipe_up,22,0.3687,257.3,534.1,257.3,230.2,0.5553,0.0181,0.583,62.39,1.99
user06,162,tap,2,0.069,258.2,656.4,254.4,657.3,0.547,0.2574,0.729,54.5,0.0
user06,163,tap,2,0.074,170.7,218.6,174.3,219.9,0.5025,0.2369,0.67,57.1,0.0
user06,164,swipe_left,31,0.5212,248.7,318.4,17.1,318.4,0.7305,0.0234,0.77,56.74,1.76
user06,165,pinch_out,22,0.3788,252.0,545.2,252.0,291.0,0.6,0.0194,0.63,50.57,1.6
user06,166,double_tap,4,0.4618,321.3,286.0,321.5,277.6,0.484,0.1859,0.645,33.2,0.0
user06,167,pinch_in,19,0.332,226.3,342.5,226.3,99.4,0.6082,0.0202,0.642,49.51,1.61
user06,168,swipe_left,30,0.5019,319.2,525.0,50.1,525.0,0.5749,0.0183,0.604,65.95,2.06
user06,169,long_press,12,1.2852,199.7,110.7,199.1,112.4,0.602,0.0198,0.622,81.7,0.0
user06,170,pinch_in,20,0.335,174.3,286.0,174.3,126.7,0.6465,0.0212,0.679,57.15,1.84
user06,171,swipe_down,33,0.5604,336.7,288.1,336.7,647.1,0.6685,0.0214,0.705,65.29,2.01
user06,172,double_tap,4,0.3248,324.0,578.1,323.6,581.6,0.5655,0.2177,0.754,59.1,0.0
user06,173,long_press,11,1.144,235.9,328.0,235.3,326.6,0.6083,0.0209,0.628,61.5,0.0
user06,174,tap,2,0.0789,200.1,300.3,198.9,302.4,0.5285,0.2496,0.705,46.0,0.0
user06,175,double_tap,4,0.2753,151.6,470.0,151.0,468.5,0.5385,0.2073,0.718,47.7,0.0
user06,176,swipe_right,26,0.4389,335.5,237.8,578.2,237.8,0.5863,0.0187,0.616,78.05,2.45
user06,177,double_tap,4,0.3636,195.2,493.8,195.4,492.0,0.6,0.2309,0.8,48.9,0.0
user06,178,swipe_right,34,0.574,198.7,251.7,563.0,251.7,0.6387,0.0203,0.671,54.55,1.68
user06,179,tap,2,0.0486,322.3,598.7,318.9,595.7,0.486,0.2291,0.648,50.4,0.0
user06,180,swipe_left,36,0.616,316.9,321.7,49.6,321.7,0.6154,0.0195,0.647,75.32,2.31
user06,181,pinch_in,37,0.6243,266.5,421.2,266.5,56.3,0.6612,0.021,0.697,49.15,1.5
user06,182,swipe_up,16,0.2736,310.6,359.9,310.6,162.6,0.5259,0.0176,0.552,54.95,1.81
user06,183,double_tap,4,0.2474,168.2,408.9,163.6,409.0,0.57,0.2194,0.76,44.3,0.0
user06,184,tap,2,0.0745,306.1,288.8,304.3,289.7,0.575,0.2715,0.767,51.7,0.0
user06,185,swipe_down,21,0.3588,334.1,551.7,334.1,815.9,0.5931,0.0195,0.626,56.41,1.82
user06,186,swipe_right,25,0.4321,160.4,575.7,357.1,575.7,0.5515,0.0179,0.582,65.27,2.06
user06,187,swipe_down,33,0.5556,195.7,369.2,195.7,658.5,0.4712,0.0151,0.497,78.7,2.44
user06,188,pinch_in,20,0.3422,247.9,498.7,247.9,321.2,0.5871,0.0193,0.617,56.91,1.84
user06,189,swipe_right,41,0.6861,240.8,363.2,515.1,363.2,0.6204,0.0197,0.654,65.2,1.99
user06,190,swipe_up,23,0.3953,178.7,464.4,178.7,149.1,0.6206,0.0204,0.655,60.01,1.89
user06,191,long_press,5,0.5004,302.7,371.0,300.7,367.5,0.7008,0.0251,0.73,67.9,0.0
user06,192,swipe_up,24,0.4069,344.4,344.6,344.4,96.1,0.7273,0.0235,0.764,76.98,2.45
user06,193,swipe_down,18,0.3014,325.3,377.5,325.3,598.7,0.558,0.0186,0.586,57.96,1.88
user06,194,pinch_in,14,0.2435,155.2,236.0,155.2,14.4,0.619,0.0208,0.649,63.2,2.13
user06,195,pinch_out,57,0.9561,213.0,576.5,213.0,214.1,0.6743,0.0211,0.71,60.15,1.81
user06,196,long_press,8,0.8517,252.4,575.8,253.1,572.9,0.6868,0.0267,0.712,61.0,0.0
user06,197,swipe_down,27,0.4603,212.9,233.9,212.9,500.0,0.5988,0.0194,0.632,77.83,2.45
user06,198,double_tap,4,0.2763,194.3,232.0,193.7,235.8,0.557,0.2148,0.743,40.4,0.0
user06,199,swipe_up,15,0.2662,192.6,231.5,192.6,12.3,0.683,0.0232,0.721,71.59,2.39
user07,0,long_press,12,1.2552,111.3,152.8,113.6,154.1,0.4955,0.0163,0.512,53.3,0.0
user07,1,swipe_down,35,0.5958,79.6,249.3,79.6,600.7,0.2997,0.0096,0.316,39.63,1.22
user07,2,swipe_up,35,0.5897,74.0,395.3,74.0,82.2,0.3609,0.0114,0.38,28.05,0.86
user07,3,swipe_down,28,0.4688,195.5,358.9,195.5,658.6,0.3601,0.0116,0.378,39.49,1.24
user07,4,swipe_left,35,0.5957,97.8,254.8,-224.1,254.8,0.3931,0.0125,0.414,48.77,1.5
user07,5,pinch_out,28,0.4745,193.7,532.6,193.7,266.7,0.4957,0.0159,0.521,30.17,0.94
user07,6,double_tap,4,0.3187,51.8,407.3,52.5,404.1,0.3045,0.1172,0.406,30.5,0.0
user07,7,pinch_out,23,0.3877,99.4,323.9,99.4,99.6,0.3609,0.0117,0.381,50.19,1.6
user07,8,swipe_left,18,0.3164,143.9,519.5,-70.4,519.5,0.4151,0.0138,0.436,57.42,1.87
user07,9,tap,2,0.0738,108.2,569.5,110.1,569.5,0.394,0.1853,0.525,19.0,0.0
user07,10,swipe_left,34,0.5768,112.6,386.5,-201.1,386.5,0.4161,0.0132,0.437,51.14,1.56
user07,11,swipe_up,21,0.3595,159.9,535.9,159.9,312.9,0.383,0.0125,0.404,58.11,1.87
user07,12,pinch_out,44,0.7461,131.4,249.1,131.4,-141.7,0.509,0.016,0.535,56.2,1.7
user07,13,swipe_down,34,0.5814,117.7,350.8,117.7,731.3,0.3574,0.0114,0.376,64.54,1.99
user07,14,swipe_up,28,0.4704,174.3,255.7,174.3,-39.4,0.3687,0.0118,0.387,56.76,1.78
user07,15,pinch_in,16,0.2679,187.3,378.7,187.3,185.5,0.3822,0.0128,0.401,57.92,1.91
user07,16,swipe_up,14,0.2427,124.9,274.0,124.9,114.2,0.3563,0.0121,0.374,43.21,1.46
user07,17,swipe_up,29,0.4881,41.9,592.1,41.9,288.1,0.4679,0.0149,0.493,60.35,1.88
user07,18,swipe_down,19,0.3246,103.0,544.7,103.0,732.3,0.4632,0.0155,0.489,59.78,1.93
user07,19,swipe_left,28,0.4758,43.3,371.0,-239.8,371.0,0.3894,0.0125,0.409,52.14,1.63
user07,20,pinch_in,22,0.3703,139.9,340.3,139.9,121.9,0.383,0.0124,0.402,38.75,1.24
user07,21,tap,2,0.0795,188.7,121.0,191.9,121.4,0.381,0.1796,0.508,49.3,0.0
user07,22,double_tap,4,0.1951,182.3,573.8,181.2,570.0,0.273,0.1051,0.364,42.6,0.0
user07,23,swipe_right,23,0.3983,185.7,399.2,435.4,399.2,0.38,0.0124,0.401,64.29,2.04
user07,24,double_tap,4,0.3035,42.4,153.7,39.9,151.7,0.3335,0.1287,0.445,65.8,0.0
user07,25,pinch_out,22,0.3812,66.8,434.2,66.8,197.2,0.3726,0.0121,0.391,37.01,1.18
user07,26,tap,2,0.0639,32.7,138.6,32.7,138.7,0.278,0.1315,0.371,34.8,0.0
user07,27,swipe_left,13,0.2212,119.1,253.9,-37.4,253.9,0.4187,0.0146,0.443,39.38,1.33
user07,28,swipe_down,21,0.3529,62.2,335.1,62.2,504.6,0.353,0.0116,0.372,51.93,1.66
user07,29,swipe_down,31,0.5325,68.0,538.9,68.0,811.9,0.492,0.0157,0.519,61.73,1.92
user07,30,long_press,15,1.5179,99.8,691.3,100.7,692.3,0.5094,0.0179,0.53,10.0,0.0
user07,31,tap,2,0.0636,195.7,513.3,197.7,515.3,0.3585,0.169,0.478,45.4,0.0
user07,32,swipe_left,39,0.6521,168.9,244.2,-188.5,244.2,0.2956,0.0094,0.312,54.82,1.68
user07,33,tap,2,0.0692,61.8,425.2,61.4,422.9,0.2955,0.1393,0.394,21.5,0.0
user07,34,tap,2,0.0948,90.6,504.3,91.2,502.7,0.4155,0.1959,0.554,49.3,0.0
user07,35,swipe_left,23,0.3854,149.8,323.5,-79.0,323.5,0.3684,0.0121,0.389,32.07,1.02
user07,36,swipe_up,40,0.6816,89.4,482.1,89.4,197.7,0.4354,0.0138,0.458,74.6,2.28
user07,37,swipe_right,24,0.4046,53.9,262.7,363.8,262.7,0.4058,0.0132,0.426,31.43,1.01
user07,38,pinch_in,33,0.5526,158.6,533.0,158.6,162.9,0.32,0.0101,0.337,44.7,1.38
user07,39,tap,2,0.0252,176.3,109.2,175.4,110.8,0.325,0.1527,0.433,39.5,0.0
user07,40,swipe_down,37,0.6207,35.2,469.2,35.2,823.3,0.4702,0.0149,0.496,40.14,1.23
user07,41,pinch_out,23,0.3999,73.8,237.7,73.8,8.9,0.4419,0.0143,0.466,38.69,1.23
user07,42,pinch_in,38,0.6428,103.7,383.6,103.7,-8.8,0.4438,0.014,0.467,21.91,0.68
user07,43,swipe_left,19,0.326,168.3,239.5,0.9,239.5,0.5096,0.017,0.538,48.96,1.57
user07,44,swipe_down,40,0.6813,126.1,387.3,126.1,759.4,0.4434,0.014,0.466,62.23,1.9
user07,45,double_tap,4,0.2171,168.0,588.0,167.9,588.8,0.312,0.1201,0.416,65.0,0.0
user07,46,tap,2,0.0823,118.7,423.7,117.5,424.0,0.33,0.1556,0.44,37.2,0.0
user07,47,pinch_in,37,0.6323,59.8,522.5,59.8,150.4,0.3991,0.0126,0.421,24.45,0.76
user07,48,long_press,11,1.1838,105.4,555.8,103.6,556.6,0.3737,0.0128,0.386,66.6,0.0
user07,49,tap,2,0.0698,147.2,500.6,145.8,502.1,0.351,0.1655,0.468,61.8,0.0
user07,50,double_tap,4,0.2826,32.1,230.3,31.8,226.3,0.378,0.1455,0.504,44.8,0.0
user07,51,tap,2,0.0695,54.8,211.1,52.1,209.6,0.311,0.1471,0.415,27.5,0.0
user07,52,double_tap,4,0.2417,152.3,175.9,149.5,173.6,0.4395,0.1692,0.586,37.8,0.0
user07,53,pinch_out,26,0.4433,93.3,383.1,93.3,151.9,0.4078,0.0131,0.428,49.73,1.55
user07,54,swipe_down,22,0.3751,51.9,382.6,51.9,600.5,0.3232,0.0104,0.339,42.34,1.35
user07,55,swipe_left,42,0.7153,197.2,331.5,-172.0,331.5,0.385,0.0123,0.405,37.14,1.13
user07,56,long_press,11,1.183,190.7,574.6,192.6,573.9,0.4606,0.0156,0.475,51.8,0.0
user07,57,swipe_up,32,0.5402,34.9,216.2,34.9,-87.0,0.4035,0.0128,0.424,69.8,2.16
user07,58,long_press,13,1.3064,102.4,434.8,104.1,437.4,0.4318,0.0141,0.446,63.0,0.0
user07,59,pinch_out,20,0.3417,93.3,348.6,93.3,149.9,0.4237,0.0138,0.445,48.81,1.58
user07,60,swipe_up,33,0.5627,129.5,285.9,129.5,-86.3,0.4417,0.0141,0.466,57.75,1.77
user07,61,pinch_out,22,0.3726,185.5,589.4,185.5,373.8,0.4267,0.0139,0.448,15.78,0.51
user07,62,swipe_down,15,0.2632,42.5,362.1,42.5,522.1,0.3433,0.0116,0.363,48.62,1.63
user07,63,long_press,13,1.3112,64.5,299.3,65.3,297.5,0.3887,0.0125,0.402,51.4,0.0
user07,64,tap,2,0.0982,89.1,339.9,83.8,343.0,0.396,0.1867,0.528,31.1,0.0
user07,65,swipe_down,23,0.3909,177.5,330.8,177.5,563.1,0.3074,0.0098,0.324,57.53,1.83
user07,66,tap,2,0.1155,61.2,270.9,62.4,274.8,0.2535,0.1195,0.338,23.5,0.0
user07,67,swipe_left,22,0.3815,174.6,302.8,-77.1,302.8,0.4157,0.0135,0.437,42.21,1.35
user07,68,tap,2,0.0747,120.7,495.7,123.2,496.2,0.3405,0.1605,0.454,27.6,0.0
user07,69,swipe_right,37,0.6325,88.2,334.1,484.5,334.1,0.4676,0.0148,0.493,50.78,1.56
user07,70,tap,2,0.0406,53.9,231.8,51.7,230.6,0.3135,0.1478,0.418,36.8,0.0
user07,71,pinch_out,34,0.5796,45.2,493.5,45.2,94.9,0.4162,0.0131,0.437,32.01,0.99
user07,72,long_press,13,1.3773,123.3,391.4,122.6,389.9,0.3788,0.0125,0.392,43.6,0.0
user07,73,double_tap,4,0.2877,132.4,210.7,136.6,208.8,0.371,0.1432,0.495,28.8,0.0
user07,74,pinch_in,25,0.4196,122.9,287.4,122.9,1.8,0.4666,0.0152,0.492,55.04,1.75
user07,75,swipe_right,40,0.6806,146.4,286.9,542.4,286.9,0.5136,0.0162,0.54,56.14,1.72
user07,76,long_press,12,1.2189,162.4,298.3,163.0,297.5,0.4617,0.0155,0.477,31.6,0.0
user07,77,swipe_right,26,0.4464,185.4,402.4,471.3,402.4,0.3215,0.0104,0.338,81.93,2.58
user07,78,swipe_right,24,0.4082,123.6,322.9,407.0,322.9,0.3571,0.0116,0.375,47.53,1.51
user07,79,swipe_down,40,0.6776,90.3,300.4,90.3,679.3,0.3269,0.0104,0.344,38.0,1.16
user07,80,long_press,10,1.0135,128.0,412.3,132.2,412.8,0.4167,0.0153,0.431,52.7,0.0
user07,81,double_tap,4,0.2951,34.3,442.4,31.6,445.1,0.3785,0.1461,0.505,35.0,0.0
user07,82,swipe_up,29,0.4902,105.6,509.9,105.6,175.0,0.3901,0.0125,0.411,52.17,1.62
user07,83,tap,2,0.0669,44.8,655.6,47.8,657.8,0.3915,0.1846,0.522,10.0,0.0
user07,84,swipe_down,37,0.6271,154.2,586.2,154.2,938.5,0.4453,0.0142,0.469,44.05,1.35
user07,85,pinch_out,46,0.7739,170.8,468.8,170.8,76.1,0.2843,0.0089,0.299,56.09,1.7
user07,86,swipe_left,23,0.3862,105.4,378.7,-135.3,378.7,0.159,0.0052,0.168,56.28,1.78
user07,87,swipe_up,26,0.4464,30.2,323.2,30.2,103.5,0.2639,0.0084,0.277,53.14,1.68
user07,88,swipe_right,27,0.4657,166.6,380.8,446.4,380.8,0.3249,0.0105,0.343,63.0,1.96
user07,89,long_press,8,0.8861,101.7,521.8,104.1,522.2,0.4934,0.0191,0.511,20.6,0.0
user07,90,swipe_down,19,0.3243,129.9,536.9,129.9,758.1,0.3876,0.013,0.409,77.21,2.51
user07,91,tap,2,0.1047,50.9,514.1,50.5,512.1,0.345,0.1626,0.46,25.9,0.0
user07,92,swipe_down,49,0.8206,133.2,209.1,133.2,591.8,0.3119,0.0098,0.329,61.26,1.85
user07,93,double_tap,4,0.2094,35.8,591.3,37.4,588.6,0.3795,0.1461,0.506,41.8,0.0
user07,94,long_press,12,1.2239,42.8,141.0,40.2,141.3,0.3981,0.0132,0.411,30.2,0.0
user07,95,pinch_out,27,0.4502,115.4,424.5,115.4,190.1,0.3865,0.0125,0.408,34.73,1.1
user07,96,swipe_up,20,0.3421,159.3,394.1,159.3,193.9,0.368,0.0118,0.386,63.88,2.09
user07,97,swipe_down,21,0.3516,81.1,428.5,81.1,616.0,0.3699,0.0122,0.39,24.94,0.8
user07,98,long_press,12,1.2633,87.1,456.5,88.7,454.5,0.2663,0.0087,0.275,54.3,0.0
user07,99,double_tap,4,0.3035,143.5,612.9,148.6,612.9,0.349,0.1339,0.465,45.9,0.0
user07,100,tap,2,0.0803,44.2,211.3,49.9,213.5,0.3075,0.145,0.41,26.2,0.0
user07,101,long_press,10,1.0018,118.1,523.2,117.6,522.5,0.3963,0.0145,0.409,54.3,0.0
user07,102,double_tap,4,0.2949,129.0,186.0,127.2,187.2,0.243,0.0935,0.324,27.0,0.0
user07,103,tap,2,0.0822,70.2,363.0,68.9,363.2,0.333,0.157,0.444,33.1,0.0
user07,104,swipe_down,29,0.4886,34.8,572.7,34.8,853.5,0.4288,0.0139,0.452,30.61,0.95
user07,105,swipe_up,19,0.3239,109.9,353.5,109.9,173.7,0.3798,0.0125,0.401,71.81,2.33
user07,106,swipe_left,35,0.591,88.3,290.4,-221.6,290.4,0.4111,0.0131,0.433,34.86,1.09
user07,107,swipe_right,13,0.2197,125.0,467.8,281.7,467.8,0.2888,0.0098,0.305,22.14,0.74
user07,108,swipe_right,25,0.4298,180.1,228.0,434.9,228.0,0.4614,0.0152,0.487,51.74,1.63
user07,109,tap,2,0.0855,55.0,559.3,57.0,562.0,0.3635,0.1718,0.485,40.4,0.0
user07,110,swipe_up,25,0.4176,62.5,309.3,62.5,-0.8,0.5467,0.0177,0.577,53.44,1.68
user07,111,swipe_right,22,0.3814,34.7,309.5,252.0,309.5,0.4506,0.0147,0.473,43.96,1.41
user07,112,long_press,15,1.5287,152.3,690.2,151.4,684.9,0.416,0.0147,0.433,37.9,0.0
user07,113,swipe_down,23,0.3902,71.3,299.4,71.3,544.1,0.3966,0.0129,0.418,46.56,1.48
user07,114,long_press,13,1.3307,181.2,222.7,181.9,220.2,0.3779,0.0123,0.391,74.6,0.0
user07,115,tap,2,0.0871,104.6,110.4,104.5,109.7,0.3435,0.1619,0.458,39.5,0.0
user07,116,long_press,12,1.2128,75.4,581.5,76.9,576.0,0.3766,0.0127,0.389,27.8,0.0
user07,117,double_tap,4,0.259,148.3,634.4,144.2,639.2,0.393,0.1513,0.524,31.0,0.0
user07,118,pinch_out,47,0.7893,42.9,441.4,42.9,58.6,0.3869,0.0122,0.408,70.94,2.15
user07,119,long_press,12,1.2971,42.6,694.9,39.3,696.6,0.3265,0.0106,0.337,35.2,0.0
user07,120,tap,2,0.0985,32.1,393.2,30.9,394.6,0.3755,0.1775,0.501,40.1,0.0
user07,121,swipe_right,16,0.2792,38.4,254.6,209.0,254.6,0.4384,0.0146,0.46,44.46,1.47
user07,122,long_press,9,0.9494,31.2,619.2,33.1,614.1,0.3947,0.0149,0.408,46.3,0.0
user07,123,long_press,12,1.2708,119.4,511.3,120.2,511.7,0.3366,0.0111,0.348,32.6,0.0
user07,124,tap,2,0.0785,41.7,618.7,42.3,617.9,0.3825,0.1803,0.51,17.4,0.0
user07,125,swipe_up,21,0.3649,117.4,438.9,117.4,174.5,0.3892,0.0127,0.411,50.34,1.62
user07,126,swipe_left,52,0.8687,126.3,295.2,-270.9,295.2,0.3738,0.0116,0.393,21.42,0.65
user07,127,tap,2,0.1074,63.0,386.2,63.8,385.4,0.3,0.1414,0.4,43.9,0.0
user07,128,swipe_right,32,0.5425,137.1,496.3,496.2,496.3,0.3606,0.0115,0.379,60.19,1.87
user07,129,swipe_up,16,0.2756,41.8,403.4,41.8,232.8,0.428,0.0142,0.449,67.74,2.25
user07,130,double_tap,4,0.3225,122.9,672.1,122.2,670.3,0.363,0.1397,0.484,21.2,0.0
user07,131,double_tap,4,0.2929,114.8,214.4,116.4,213.9,0.236,0.0912,0.315,53.4,0.0
user07,132,tap,2,0.0685,173.5,559.5,171.8,560.1,0.3225,0.152,0.43,10.0,0.0
user07,133,double_tap,4,0.2917,109.1,151.9,109.4,153.9,0.354,0.1363,0.472,35.1,0.0
user07,134,tap,2,0.0815,117.5,152.5,117.0,151.6,0.3885,0.1831,0.518,46.0,0.0
user07,135,pinch_in,14,0.243,100.7,320.0,100.7,157.9,0.3121,0.0106,0.328,82.24,2.77
user07,136,double_tap,4,0.3363,156.8,502.4,157.3,500.6,0.3855,0.1484,0.514,20.3,0.0
user07,137,swipe_left,24,0.408,84.7,261.7,-178.6,261.7,0.3995,0.013,0.42,27.08,0.86
user07,138,pinch_in,28,0.4681,127.8,385.3,127.8,70.3,0.4058,0.013,0.426,42.6,1.34
user07,139,long_press,11,1.1066,156.3,665.5,156.8,666.6,0.375,0.0131,0.387,29.2,0.0
user07,140,swipe_down,20,0.335,125.8,494.3,125.8,711.8,0.4589,0.0152,0.482,56.92,1.83
user07,141,swipe_left,32,0.5416,122.9,481.1,-277.1,481.1,0.37,0.0117,0.389,59.82,1.84
user07,142,swipe_right,26,0.4412,108.7,329.6,410.9,329.6,0.3787,0.0121,0.398,57.96,1.83
user07,143,pinch_in,22,0.3818,196.2,471.2,196.2,219.4,0.319,0.0104,0.335,15.17,0.5
user07,144,swipe_up,42,0.7008,108.3,371.7,108.3,-2.7,0.4034,0.0127,0.424,56.39,1.72
user07,145,swipe_left,14,0.2414,63.2,257.3,-93.3,257.3,0.4239,0.0143,0.444,55.74,1.9
user07,146,swipe_down,23,0.3871,97.2,593.3,97.2,804.5,0.442,0.0144,0.466,36.33,1.14
user07,147,swipe_right,29,0.4893,113.3,351.5,437.0,351.5,0.3537,0.0113,0.373,44.62,1.39
user07,148,long_press,15,1.505,124.0,120.1,122.4,121.2,0.3645,0.0126,0.379,48.4,0.0
user07,149,swipe_up,13,0.2204,155.5,360.7,155.5,193.0,0.35,0.0122,0.37,67.14,2.3
user07,150,double_tap,4,0.1981,42.1,653.3,38.1,651.0,0.3415,0.1311,0.455,28.5,0.0
user07,151,double_tap,4,0.2584,87.7,356.9,91.6,356.4,0.4215,0.1622,0.562,27.6,0.0
user07,152,swipe_left,14,0.2348,75.4,246.8,-78.7,246.8,0.3796,0.0129,0.398,55.74,1.9
user07,153,swipe_up,17,0.2915,40.9,254.5,40.9,59.2,0.4216,0.0141,0.445,24.16,0.79
user07,154,tap,2,0.0748,134.7,430.5,134.2,431.8,0.3085,0.145,0.411,19.3,0.0
user07,155,tap,2,0.0676,35.6,698.1,34.4,695.2,0.3545,0.1676,0.473,41.0,0.0
user07,156,tap,2,0.0558,104.2,250.3,103.8,249.5,0.2825,0.1336,0.377,20.3,0.0
user07,157,swipe_down,26,0.4365,52.4,248.9,52.4,522.4,0.4488,0.0144,0.471,44.93,1.42
user07,158,swipe_left,45,0.764,54.0,528.4,-317.5,528.4,0.5312,0.0168,0.56,35.75,1.08
user07,159,swipe_down,33,0.559,93.4,471.9,93.4,800.1,0.4898,0.0156,0.516,60.02,1.86
user07,160,pinch_out,20,0.3433,80.6,424.3,80.6,209.8,0.4797,0.0157,0.504,46.12,1.48
user07,161,swipe_up,36,0.6159,106.9,251.1,106.9,-99.6,0.3368,0.0108,0.354,64.09,1.96
user07,162,tap,2,0.0607,183.3,397.3,180.4,397.5,0.3775,0.1775,0.503,38.8,0.0
user07,163,double_tap,4,0.2423,161.5,189.9,160.1,188.6,0.316,0.1212,0.421,20.2,0.0
user07,164,tap,2,0.0862,44.4,691.2,42.8,691.4,0.341,0.1612,0.455,17.0,0.0
user07,165,long_press,12,1.2155,186.9,621.3,186.4,624.1,0.3204,0.0106,0.331,31.0,0.0
user07,166,swipe_left,22,0.38,172.2,363.3,-43.5,363.3,0.3796,0.0124,0.399,51.56,1.65
user07,167,tap,2,0.0777,169.8,567.2,169.8,564.9,0.3215,0.152,0.429,17.4,0.0
user07,168,swipe_up,19,0.3205,34.3,362.5,34.3,204.7,0.4398,0.0146,0.464,44.61,1.44
user07,169,swipe_right,19,0.3314,76.5,435.7,262.1,435.7,0.3495,0.0117,0.369,46.77,1.52
user07,170,swipe_left,30,0.509,145.5,396.6,-197.5,396.6,0.2963,0.0094,0.311,53.12,1.67
user07,171,pinch_out,28,0.4718,167.8,504.0,167.8,232.8,0.3455,0.0111,0.363,37.02,1.15
user07,172,tap,2,0.0991,40.1,433.3,41.8,430.9,0.3205,0.1506,0.427,41.8,0.0
user07,173,swipe_right,42,0.7118,180.3,202.1,563.7,202.1,0.58,0.0184,0.61,69.87,2.13
user07,174,tap,2,0.0757,149.1,613.4,148.4,612.7,0.3035,0.1435,0.405,53.7,0.0
user07,175,tap,2,0.0952,177.9,635.5,176.2,640.1,0.362,0.1711,0.483,66.0,0.0
user07,176,swipe_right,27,0.4512,189.4,203.0,482.6,203.0,0.3989,0.0128,0.421,56.09,1.75
user07,177,double_tap,4,0.2578,156.7,643.0,157.3,638.7,0.319,0.1224,0.425,36.7,0.0
user07,178,pinch_out,27,0.4619,105.0,523.6,105.0,247.3,0.426,0.0138,0.449,40.0,1.25
user07,179,double_tap,4,0.3673,156.8,252.1,159.4,253.1,0.3595,0.138,0.479,35.6,0.0
user07,180,swipe_right,25,0.4207,186.8,260.7,478.5,260.7,0.4791,0.0156,0.505,30.1,0.95
user07,181,double_tap,4,0.2705,158.8,415.4,157.7,413.5,0.4095,0.1576,0.546,45.7,0.0
user07,182,swipe_up,39,0.6548,127.2,585.9,127.2,217.0,0.4078,0.013,0.43,47.92,1.47
user07,183,pinch_in,17,0.2859,43.0,511.4,43.0,343.9,0.359,0.012,0.379,38.48,1.28
user07,184,tap,2,0.083,72.1,246.1,73.9,245.9,0.3555,0.1676,0.474,52.9,0.0
user07,185,tap,2,0.0754,147.3,335.8,149.7,335.6,0.35,0.1655,0.467,10.0,0.0
user07,186,tap,2,0.0724,37.6,425.3,35.4,423.9,0.3265,0.1534,0.435,10.3,0.0
user07,187,pinch_out,41,0.6963,80.5,293.6,80.5,-63.9,0.3825,0.012,0.404,56.37,1.72
user07,188,tap,2,0.0734,70.1,326.2,71.9,325.9,0.5055,0.2383,0.674,47.5,0.0
user07,189,double_tap,4,0.2249,188.1,644.5,188.1,644.5,0.3855,0.1484,0.514,10.0,0.0
user07,190,swipe_up,37,0.6169,90.3,555.0,90.3,161.0,0.4373,0.0139,0.461,63.24,1.93
user07,191,tap,2,0.0713,126.2,278.5,125.8,277.0,0.271,0.1273,0.361,64.1,0.0
user07,192,tap,2,0.0487,132.3,465.1,132.1,467.7,0.312,0.1471,0.416,19.8,0.0
user07,193,pinch_out,32,0.5367,174.7,577.0,174.7,177.7,0.3444,0.011,0.362,51.31,1.6
user07,194,swipe_left,38,0.6413,125.8,263.0,-238.2,263.0,0.3046,0.0096,0.32,80.01,2.46
user07,195,pinch_in,40,0.6743,83.1,563.8,83.1,246.1,0.369,0.0117,0.388,55.21,1.69
user07,196,tap,2,0.0872,125.1,127.5,125.1,127.8,0.302,0.1428,0.403,39.5,0.0
user07,197,double_tap,4,0.1825,39.6,479.0,39.5,476.2,0.3795,0.1461,0.506,46.5,0.0
user07,198,swipe_right,32,0.5345,196.7,521.8,561.7,521.8,0.3089,0.0099,0.325,54.86,1.7
user07,199,swipe_left,20,0.3386,37.8,578.1,-148.2,578.1,0.406,0.0132,0.426,20.72,0.66
user08,0,double_tap,4,0.289,250.2,462.6,247.3,457.4,0.6315,0.2431,0.842,17.8,0.0
user08,1,swipe_up,16,0.2695,306.4,582.3,306.4,287.3,0.8034,0.0268,0.843,17.82,0.59
user08,2,double_tap,4,0.4042,217.5,328.9,217.9,324.7,0.6645,0.2558,0.886,28.9,0.0
user08,3,long_press,13,1.3558,310.1,377.4,314.1,377.5,0.7952,0.0259,0.823,38.0,0.0
user08,4,swipe_left,7,0.1288,196.9,279.0,45.3,279.0,0.7553,0.0296,0.801,36.74,1.43
user08,5,double_tap,4,0.4469,337.5,212.2,331.3,214.9,0.6585,0.2535,0.878,41.7,0.0
user08,6,double_tap,4,0.4476,219.0,413.4,217.1,416.3,0.675,0.2598,0.9,13.0,0.0
user08,7,swipe_right,13,0.2256,224.9,206.7,472.5,206.7,0.7705,0.0267,0.814,28.19,0.98
user08,8,tap,2,0.0828,200.9,359.2,203.8,357.5,0.6575,0.3104,0.877,17.9,0.0
user08,9,swipe_down,9,0.1512,255.9,579.6,255.9,747.9,0.7476,0.0279,0.792,18.07,0.66
user08,10,tap,2,0.0938,255.3,409.7,254.8,408.1,0.648,0.3055,0.864,29.8,0.0
user08,11,tap,2,0.0694,184.5,347.8,184.7,349.0,0.6285,0.2963,0.838,10.0,0.0
user08,12,long_press,17,1.7604,236.1,374.0,235.1,373.0,0.7321,0.0334,0.77,24.3,0.0
user08,13,swipe_up,19,0.3228,181.6,208.7,181.6,-137.6,0.7857,0.026,0.829,30.02,0.99
user08,14,swipe_up,18,0.3018,317.6,267.8,317.6,-56.5,0.7763,0.0256,0.815,30.18,0.97
user08,15,swipe_down,11,0.1855,183.9,491.8,183.9,701.2,0.7494,0.0269,0.793,23.87,0.82
user08,16,swipe_left,13,0.2269,185.8,232.9,-46.2,232.9,0.7672,0.0265,0.811,48.81,1.67
user08,17,swipe_right,14,0.2353,308.0,215.7,565.9,215.7,0.6847,0.0232,0.718,43.17,1.45
user08,18,swipe_right,10,0.1681,210.4,212.3,401.9,212.3,0.7524,0.0264,0.788,37.92,1.35
user08,19,swipe_right,9,0.1609,236.5,335.2,417.2,335.2,0.7303,0.027,0.773,29.98,1.08
user08,20,swipe_left,13,0.2197,235.4,295.6,-6.8,295.6,0.7712,0.0265,0.815,43.99,1.5
user08,21,tap,2,0.0741,220.2,228.9,222.3,228.9,0.6915,0.326,0.922,50.5,0.0
user08,22,tap,2,0.1014,246.2,654.8,245.0,655.1,0.6405,0.3019,0.854,29.6,0.0
user08,23,tap,2,0.098,276.4,363.5,273.5,365.5,0.6845,0.3231,0.913,17.0,0.0
user08,24,swipe_down,7,0.1279,272.7,525.5,272.7,682.1,0.7186,0.0283,0.762,16.39,0.62
user08,25,swipe_right,19,0.3285,280.3,406.7,678.3,406.7,0.7604,0.0254,0.803,54.26,1.75
user08,26,swipe_up,21,0.3614,181.1,585.5,181.1,198.8,0.7514,0.0245,0.793,29.03,0.93
user08,27,swipe_left,8,0.1417,313.1,451.0,163.1,451.0,0.7643,0.0279,0.799,61.58,2.31
user08,28,double_tap,4,0.4091,299.4,405.8,299.4,403.9,0.7125,0.2742,0.95,32.0,0.0
user08,29,double_tap,4,0.3385,258.6,500.0,264.4,497.6,0.6435,0.2477,0.858,39.5,0.0
user08,30,swipe_up,16,0.2794,230.6,489.0,230.6,168.0,0.7168,0.024,0.752,49.75,1.63
user08,31,pinch_out,10,0.1727,270.4,599.5,270.4,399.2,0.7576,0.0264,0.793,15.0,0.53
user08,32,tap,2,0.082,219.2,415.5,217.3,418.1,0.61,0.2871,0.813,35.5,0.0
user08,33,swipe_right,17,0.292,264.8,396.7,598.1,396.7,0.7505,0.0251,0.792,45.76,1.51
user08,34,tap,2,0.0881,204.3,187.3,202.7,189.9,0.6485,0.3062,0.865,55.7,0.0
user08,35,swipe_up,19,0.3209,279.7,316.0,279.7,-45.4,0.7838,0.0259,0.827,27.44,0.88
user08,36,tap,2,0.0844,249.7,686.0,248.0,687.2,0.651,0.3069,0.868,31.4,0.0
user08,37,pinch_in,8,0.1402,151.2,286.2,151.2,130.0,0.8332,0.0302,0.871,39.98,1.51
user08,38,double_tap,4,0.4638,179.1,621.4,181.1,625.7,0.625,0.2402,0.833,33.5,0.0
user08,39,swipe_right,9,0.1656,336.1,450.5,507.1,450.5,0.7846,0.029,0.831,32.64,1.2
user08,40,pinch_in,15,0.2599,209.4,430.9,209.4,144.7,0.7239,0.0246,0.764,23.25,0.78
user08,41,tap,2,0.1041,293.5,289.9,295.8,289.5,0.6405,0.3019,0.854,31.7,0.0
user08,42,tap,2,0.1014,166.0,610.9,166.1,611.6,0.7025,0.3316,0.937,44.8,0.0
user08,43,tap,2,0.0761,298.3,297.0,296.7,296.0,0.675,0.3182,0.9,25.4,0.0
user08,44,swipe_left,20,0.3473,302.5,494.2,-51.1,494.2,0.7951,0.0261,0.835,14.68,0.48
user08,45,swipe_up,13,0.2263,333.4,400.2,333.4,113.8,0.7824,0.0271,0.827,46.08,1.59
user08,46,long_press,15,1.5915,257.4,410.3,258.1,412.7,0.7717,0.029,0.805,32.8,0.0
user08,47,swipe_right,8,0.1447,227.7,374.2,396.1,374.2,0.756,0.027,0.79,11.42,0.45
user08,48,tap,2,0.0632,248.9,453.1,247.8,453.3,0.636,0.2998,0.848,41.3,0.0
user08,49,pinch_out,19,0.3269,290.0,531.2,290.0,183.4,0.79,0.0263,0.834,35.03,1.14
user08,50,pinch_in,8,0.1426,340.1,489.3,340.1,321.6,0.7463,0.0271,0.78,39.88,1.51
user08,51,double_tap,4,0.4522,287.3,643.5,287.4,640.4,0.684,0.2633,0.912,10.0,0.0
user08,52,swipe_up,16,0.2673,268.3,211.6,268.3,-81.7,0.7538,0.0251,0.791,35.39,1.18
user08,53,long_press,17,1.7551,295.3,179.8,295.3,181.0,0.7251,0.0329,0.763,52.7,0.0
user08,54,tap,2,0.1023,235.5,683.6,232.7,683.1,0.616,0.2899,0.821,30.3,0.0
user08,55,long_press,14,1.4517,289.7,496.4,290.9,498.7,0.7651,0.0256,0.794,29.6,0.0
user08,56,double_tap,4,0.4025,157.1,319.1,157.8,318.6,0.622,0.239,0.829,24.4,0.0
user08,57,pinch_in,14,0.2357,315.5,474.2,315.5,190.7,0.7677,0.0259,0.805,44.46,1.5
user08,58,swipe_down,16,0.2715,209.0,520.8,209.0,845.0,0.7455,0.0248,0.782,55.49,1.82
user08,59,pinch_out,18,0.3027,169.9,462.5,169.9,114.7,0.7206,0.0235,0.756,38.47,1.24
user08,60,swipe_left,9,0.1511,328.0,586.8,160.4,586.8,0.7178,0.0265,0.76,21.09,0.77
user08,61,swipe_right,18,0.3043,257.2,464.5,583.1,464.5,0.7548,0.0249,0.792,14.38,0.47
user08,62,swipe_down,21,0.3511,327.8,379.7,327.8,753.2,0.7693,0.0252,0.812,46.69,1.51
user08,63,pinch_in,18,0.3013,335.6,518.8,335.6,216.5,0.7193,0.0235,0.755,35.93,1.18
user08,64,swipe_up,11,0.1939,291.5,493.6,291.5,272.2,0.7315,0.0261,0.774,30.15,1.06
user08,65,swipe_left,17,0.2871,320.8,521.1,5.4,521.1,0.7506,0.0254,0.793,25.31,0.84
user08,66,swipe_left,13,0.2289,217.8,539.3,-53.1,539.3,0.665,0.0229,0.703,44.55,1.5
user08,67,long_press,22,2.2091,173.1,185.7,171.1,185.0,0.7364,0.0517,0.795,36.0,0.0
user08,68,pinch_out,11,0.1911,336.7,498.8,336.7,291.0,0.7735,0.0275,0.818,28.27,1.0
user08,69,swipe_left,19,0.3303,300.6,490.6,-77.5,490.6,0.7825,0.0259,0.826,25.74,0.84
user08,70,double_tap,4,0.4553,315.7,547.6,310.3,544.9,0.6495,0.25,0.866,12.5,0.0
user08,71,tap,2,0.0816,184.0,580.2,183.1,578.5,0.6375,0.3005,0.85,58.3,0.0
user08,72,swipe_right,20,0.3355,198.7,595.3,586.7,595.3,0.7723,0.0253,0.811,40.98,1.33
user08,73,tap,2,0.1117,289.8,580.9,290.0,581.9,0.623,0.2942,0.831,37.3,0.0
user08,74,tap,2,0.0735,319.9,501.9,319.1,495.8,0.633,0.2984,0.844,35.0,0.0
user08,75,pinch_out,15,0.2651,216.8,532.6,216.8,228.8,0.791,0.0267,0.835,40.31,1.34
user08,76,double_tap,4,0.3417,208.9,429.2,212.1,426.9,0.683,0.2633,0.911,47.2,0.0
user08,77,long_press,14,1.4355,344.1,486.1,347.3,482.9,0.7069,0.0235,0.733,27.4,0.0
user08,78,swipe_up,9,0.1542,269.3,588.7,269.3,404.5,0.7737,0.0286,0.819,34.6,1.25
user08,79,tap,2,0.1192,309.6,415.3,311.1,416.9,0.6585,0.3104,0.878,15.4,0.0
user08,80,tap,2,0.077,193.2,342.5,191.1,341.1,0.6725,0.3175,0.897,26.4,0.0
user08,81,tap,2,0.0651,271.2,105.9,275.0,107.4,0.669,0.3154,0.892,32.0,0.0
user08,82,long_press,17,1.7195,153.7,683.7,157.7,683.4,0.698,0.0303,0.733,39.2,0.0
user08,83,pinch_in,9,0.1506,259.5,224.8,259.5,52.4,0.7863,0.0293,0.833,28.4,1.05
user08,84,long_press,12,1.2459,164.0,202.4,163.4,202.6,0.8169,0.0272,0.844,39.6,0.0
user08,85,swipe_left,16,0.279,276.8,245.9,-68.5,245.9,0.7302,0.0243,0.766,57.06,1.88
user08,86,double_tap,4,0.3941,281.2,193.1,282.2,189.5,0.6415,0.2465,0.855,17.2,0.0
user08,87,swipe_down,13,0.2329,313.0,343.7,313.0,613.7,0.7161,0.0248,0.757,45.38,1.54
user08,88,pinch_out,17,0.2932,250.2,340.1,250.2,-2.9,0.7229,0.0243,0.763,23.73,0.8
user08,89,tap,2,0.0772,245.2,567.6,244.3,570.4,0.672,0.3168,0.896,34.9,0.0
user08,90,pinch_out,17,0.2839,163.2,505.4,163.2,161.7,0.7116,0.0238,0.751,47.02,1.54
user08,91,tap,2,0.0738,208.4,393.8,206.9,391.3,0.6745,0.3175,0.899,24.6,0.0
user08,92,swipe_down,10,0.1729,275.7,568.8,275.7,763.4,0.7746,0.0273,0.811,43.94,1.57
user08,93,swipe_left,9,0.1588,154.5,259.1,-2.1,259.1,0.7476,0.0279,0.792,36.64,1.35
user08,94,pinch_out,20,0.3351,271.2,375.5,271.2,-8.0,0.7459,0.0244,0.783,10.6,0.34
user08,95,tap,2,0.082,288.7,637.9,284.7,638.2,0.643,0.3026,0.857,20.4,0.0
user08,96,swipe_right,9,0.1556,339.3,356.5,505.6,356.5,0.7526,0.0279,0.797,37.57,1.37
user08,97,swipe_right,15,0.2644,273.6,227.0,539.8,227.0,0.7387,0.0251,0.78,26.81,0.9
user08,98,tap,2,0.0484,234.4,111.5,233.3,113.1,0.638,0.3012,0.851,38.9,0.0
user08,99,double_tap,4,0.5054,179.1,454.7,185.3,453.3,0.6475,0.2488,0.863,29.5,0.0
user08,100,pinch_out,14,0.2391,334.1,230.7,334.1,-71.7,0.7264,0.0245,0.762,21.89,0.72
user08,101,double_tap,4,0.3728,251.1,516.5,252.0,521.6,0.6615,0.2546,0.882,22.3,0.0
user08,102,pinch_out,13,0.2256,317.7,274.1,317.7,-14.6,0.7219,0.025,0.763,13.38,0.46
user08,103,double_tap,4,0.4429,330.8,630.4,335.2,630.3,0.6955,0.2673,0.927,52.7,0.0
user08,104,double_tap,4,0.5389,308.5,396.5,309.3,393.5,0.6595,0.2535,0.879,27.3,0.0
user08,105,double_tap,4,0.5838,342.0,484.6,342.7,484.7,0.645,0.2483,0.86,37.3,0.0
user08,106,swipe_up,8,0.1474,155.5,222.8,155.5,56.0,0.792,0.0287,0.828,31.0,1.14
user08,107,double_tap,4,0.479,250.2,321.3,252.8,319.3,0.662,0.2552,0.883,19.3,0.0
user08,108,swipe_down,17,0.2997,173.2,535.4,173.2,879.5,0.7353,0.0247,0.776,22.45,0.73
user08,109,swipe_left,12,0.2144,251.4,207.5,3.5,207.5,0.725,0.025,0.76,38.28,1.33
user08,110,swipe_up,14,0.249,222.3,502.6,222.3,260.4,0.7261,0.0247,0.762,26.2,0.91
user08,111,double_tap,4,0.4256,223.9,353.9,222.5,360.1,0.653,0.2517,0.871,32.9,0.0
user08,112,pinch_in,13,0.2252,242.4,455.8,242.4,191.9,0.7502,0.0259,0.793,55.48,1.91
user08,113,swipe_right,19,0.3248,219.0,241.9,608.6,241.9,0.7503,0.0248,0.792,36.18,1.19
user08,114,long_press,14,1.4148,167.5,532.2,166.0,531.6,0.7101,0.0235,0.736,19.3,0.0
user08,115,double_tap,4,0.4153,304.8,269.2,305.7,270.3,0.6675,0.2569,0.89,22.2,0.0
user08,116,swipe_up,18,0.3085,297.1,206.2,297.1,-163.8,0.7342,0.0242,0.771,39.03,1.29
user08,117,swipe_up,11,0.1988,323.0,414.5,323.0,192.3,0.7634,0.0269,0.807,25.3,0.89
user08,118,swipe_left,11,0.1878,330.1,322.8,133.4,322.8,0.7147,0.0256,0.756,41.43,1.44
user08,119,long_press,15,1.5296,301.7,659.7,300.0,659.3,0.7193,0.0253,0.748,29.2,0.0
user08,120,swipe_left,20,0.339,313.2,483.3,-44.0,483.3,0.7622,0.0248,0.8,27.13,0.87
user08,121,swipe_left,16,0.2788,152.6,341.8,-183.1,341.8,0.7755,0.026,0.814,40.51,1.36
user08,122,swipe_up,12,0.2163,276.3,297.0,276.3,77.6,0.8037,0.0274,0.842,25.97,0.92
user08,123,pinch_in,8,0.1417,294.8,563.8,294.8,407.6,0.6775,0.0244,0.708,24.48,0.93
user08,124,swipe_right,12,0.2104,291.4,313.8,508.2,313.8,0.7795,0.0268,0.817,15.15,0.54
user08,125,pinch_in,16,0.2763,174.6,388.6,174.6,81.8,0.7722,0.0257,0.81,14.52,0.48
user08,126,long_press,13,1.377,195.7,589.0,198.4,591.4,0.7895,0.0259,0.817,18.3,0.0
user08,127,swipe_down,9,0.1512,308.4,224.8,308.4,395.2,0.7256,0.0268,0.768,27.64,1.0
user08,128,swipe_left,16,0.2802,197.5,304.9,-75.3,304.9,0.763,0.0256,0.801,40.83,1.37
user08,129,swipe_right,9,0.1623,246.3,461.9,443.6,461.9,0.7768,0.0288,0.823,25.81,0.96
user08,130,tap,2,0.1171,213.6,415.8,211.6,416.2,0.6715,0.3161,0.895,34.4,0.0
user08,131,swipe_down,12,0.2132,324.4,406.7,324.4,652.9,0.7293,0.0254,0.765,37.77,1.31
user08,132,swipe_up,13,0.2199,336.2,357.9,336.2,100.9,0.7437,0.0259,0.786,33.49,1.15
user08,133,tap,2,0.088,242.6,201.2,241.5,198.7,0.645,0.3041,0.86,26.1,0.0
user08,134,long_press,18,1.8209,203.0,630.8,205.5,627.5,0.8108,0.0397,0.856,41.0,0.0
user08,135,swipe_up,10,0.18,296.8,415.6,296.8,216.0,0.7324,0.0258,0.767,36.06,1.3
user08,136,tap,2,0.1005,186.6,363.2,185.2,364.4,0.6505,0.3062,0.867,42.7,0.0
user08,137,swipe_right,12,0.208,291.7,213.2,515.8,213.2,0.7855,0.0268,0.823,31.78,1.11
user08,138,pinch_in,17,0.2873,302.1,490.3,302.1,167.3,0.7406,0.0247,0.782,43.73,1.43
user08,139,long_press,15,1.525,278.6,342.4,280.4,343.3,0.8071,0.0284,0.84,53.9,0.0
user08,140,tap,2,0.1009,326.3,369.4,327.3,367.9,0.6765,0.3189,0.902,30.9,0.0
user08,141,tap,2,0.0535,327.8,355.3,330.8,356.3,0.6645,0.3132,0.886,10.0,0.0
user08,142,swipe_down,16,0.268,226.1,222.6,226.1,542.0,0.7919,0.0265,0.831,38.15,1.25
user08,143,swipe_left,13,0.2215,332.4,530.2,69.7,530.2,0.8107,0.0282,0.857,29.28,0.98
user08,144,swipe_right,15,0.2612,220.6,418.8,503.8,418.8,0.7109,0.024,0.751,20.49,0.69
user08,145,swipe_up,16,0.2695,158.3,351.9,158.3,46.2,0.7188,0.024,0.754,36.85,1.21
user08,146,swipe_up,15,0.2597,167.0,218.6,167.0,-61.4,0.6985,0.0237,0.738,34.09,1.13
user08,147,swipe_left,20,0.337,333.0,489.7,-20.9,489.7,0.7469,0.0244,0.784,22.63,0.74
user08,148,pinch_in,19,0.3217,349.0,386.9,349.0,56.0,0.7912,0.0262,0.835,41.03,1.33
user08,149,tap,2,0.0935,236.4,346.2,237.5,346.9,0.6315,0.2977,0.842,10.0,0.0
user08,150,pinch_in,8,0.143,295.4,321.9,295.4,158.6,0.7415,0.0268,0.775,17.1,0.65
user08,151,swipe_right,18,0.3146,275.9,464.0,609.3,464.0,0.723,0.0239,0.759,49.28,1.62
user08,152,pinch_in,13,0.2177,292.8,205.2,292.8,-23.7,0.7432,0.0259,0.786,24.93,0.83
user08,153,double_tap,4,0.4476,284.2,539.0,281.4,540.5,0.6105,0.235,0.814,32.3,0.0
user08,154,swipe_down,12,0.2048,225.5,464.1,225.5,696.6,0.7433,0.0254,0.779,39.25,1.37
user08,155,pinch_in,17,0.2933,332.8,347.2,332.8,29.5,0.7236,0.0242,0.764,25.34,0.84
user08,156,swipe_down,17,0.2948,262.1,507.5,262.1,846.9,0.7647,0.0255,0.808,14.32,0.47
user08,157,tap,2,0.0993,239.8,634.4,243.3,633.0,0.672,0.3168,0.896,10.0,0.0
user08,158,swipe_down,15,0.258,287.7,330.5,287.7,633.9,0.7545,0.0257,0.797,25.71,0.86
user08,159,swipe_up,10,0.1694,316.3,541.0,316.3,348.0,0.7316,0.0258,0.766,52.42,1.88
user08,160,tap,2,0.1051,296.8,564.4,297.5,561.8,0.628,0.2956,0.837,17.3,0.0
user08,161,double_tap,4,0.3296,213.8,162.8,213.0,161.2,0.631,0.2425,0.841,38.5,0.0
user08,162,tap,2,0.0842,169.7,436.4,173.7,435.5,0.6485,0.3062,0.865,21.3,0.0
user08,163,double_tap,4,0.4455,211.2,345.1,211.2,342.1,0.635,0.2448,0.847,19.5,0.0
user08,164,swipe_right,9,0.1633,287.0,468.6,474.3,468.6,0.7876,0.029,0.834,41.09,1.51
user08,165,swipe_left,19,0.3191,159.4,589.7,-197.8,589.7,0.7251,0.0241,0.766,35.96,1.18
user08,166,swipe_down,18,0.3018,224.4,384.4,224.4,743.1,0.7488,0.0247,0.786,44.19,1.42
user08,167,tap,2,0.0711,161.8,674.6,162.8,674.8,0.6655,0.3132,0.887,17.7,0.0
user08,168,swipe_right,11,0.199,295.5,391.7,517.3,391.7,0.7523,0.0267,0.795,61.65,2.18
user08,169,swipe_right,11,0.1879,288.5,511.9,498.2,511.9,0.7849,0.028,0.83,27.59,0.97
user08,170,swipe_left,17,0.2943,184.4,241.7,-135.4,241.7,0.7767,0.0261,0.82,12.73,0.42
user08,171,double_tap,4,0.4475,250.2,318.3,250.3,323.0,0.607,0.2332,0.809,10.8,0.0
user08,172,long_press,16,1.6062,299.3,567.2,298.8,564.9,0.7767,0.0296,0.811,28.0,0.0
user08,173,long_press,15,1.5794,151.0,579.0,151.3,577.5,0.7219,0.027,0.753,35.1,0.0
user08,174,swipe_right,19,0.3315,282.7,225.0,650.5,225.0,0.7105,0.0236,0.75,36.46,1.18
user08,175,swipe_down,10,0.1729,243.8,399.8,243.8,581.8,0.77,0.0268,0.806,18.78,0.65
user08,176,long_press,13,1.3828,273.7,179.2,273.5,179.7,0.8026,0.0264,0.831,26.1,0.0
user08,177,double_tap,4,0.5369,231.1,476.6,230.8,480.9,0.69,0.2656,0.92,28.9,0.0
user08,178,swipe_right,14,0.2469,164.2,332.7,429.4,332.7,0.7296,0.0245,0.765,18.4,0.61
user08,179,pinch_out,8,0.139,253.8,469.0,253.8,307.9,0.7395,0.0268,0.773,25.1,0.95
user08,180,swipe_down,10,0.1747,292.5,404.5,292.5,594.6,0.6892,0.0242,0.722,27.02,0.97
user08,181,pinch_in,13,0.2248,217.0,471.3,217.0,205.4,0.7228,0.0249,0.764,64.98,2.2
user08,182,swipe_right,9,0.1587,222.4,597.7,400.2,597.7,0.6508,0.0242,0.689,60.89,2.2
user08,183,tap,2,0.0867,286.3,660.6,284.6,662.3,0.6695,0.3161,0.893,40.3,0.0
user08,184,tap,2,0.0847,251.4,190.0,249.9,191.0,0.674,0.3182,0.899,15.2,0.0
user08,185,double_tap,4,0.4948,288.5,375.6,286.2,377.4,0.645,0.2483,0.86,15.8,0.0
user08,186,swipe_down,8,0.141,335.1,223.5,335.1,376.3,0.709,0.0256,0.741,42.22,1.59
user08,187,double_tap,4,0.4803,205.9,300.4,206.0,301.8,0.6745,0.2592,0.899,14.1,0.0
user08,188,swipe_right,14,0.2334,248.9,565.2,493.2,565.2,0.7667,0.0259,0.804,51.33,1.74
user08,189,swipe_down,8,0.1462,341.9,493.1,341.9,670.7,0.79,0.0287,0.826,25.7,0.95
user08,190,swipe_down,14,0.2335,298.4,485.6,298.4,709.3,0.7431,0.0251,0.78,40.61,1.35
user08,191,tap,2,0.0987,275.5,388.7,276.3,383.9,0.6635,0.3132,0.885,30.0,0.0
user08,192,long_press,15,1.5765,246.4,249.7,248.5,247.0,0.7535,0.028,0.786,17.8,0.0
user08,193,swipe_down,16,0.2671,286.9,406.2,286.9,672.3,0.7364,0.0247,0.773,57.01,1.9
user08,194,swipe_right,12,0.209,201.9,497.3,441.8,497.3,0.7382,0.0252,0.774,44.85,1.54
user08,195,long_press,17,1.783,214.8,521.1,214.2,523.8,0.7494,0.0352,0.79,25.9,0.0
user08,196,swipe_up,17,0.2944,216.4,553.7,216.4,206.7,0.7391,0.0248,0.78,14.07,0.46
user08,197,tap,2,0.1049,217.6,520.4,219.2,516.8,0.662,0.3125,0.883,39.2,0.0
user08,198,double_tap,4,0.4537,191.4,567.7,193.8,567.6,0.671,0.2587,0.895,31.7,0.0
user08,199,tap,2,0.1054,305.4,541.8,305.5,542.7,0.66,0.3111,0.88,46.6,0.0
user09,0,swipe_up,23,0.3946,194.8,242.5,194.8,-146.0,0.5242,0.0171,0.553,66.01,2.11
user09,1,swipe_left,19,0.3169,285.5,447.2,-40.9,447.2,0.5594,0.0186,0.591,73.14,2.38
user09,2,long_press,7,0.707,325.0,486.9,323.9,487.5,0.5334,0.0205,0.556,85.5,0.0
user09,3,swipe_down,11,0.1846,265.9,223.5,265.9,410.9,0.4603,0.0163,0.487,66.81,2.35
user09,4,double_tap,4,0.4656,187.3,241.3,184.6,245.3,0.445,0.1709,0.593,56.0,0.0
user09,5,double_tap,4,0.53,338.1,155.9,337.9,152.8,0.4455,0.1715,0.594,28.6,0.0
user09,6,swipe_left,18,0.3024,237.8,528.3,-107.2,528.3,0.5232,0.0173,0.549,69.94,2.27
user09,7,tap,2,0.1064,200.0,379.1,195.5,378.8,0.456,0.215,0.608,77.1,0.0
user09,8,long_press,5,0.5282,249.2,695.7,248.7,699.6,0.4954,0.018,0.516,69.8,0.0
user09,9,swipe_down,14,0.2461,330.8,213.5,330.8,475.4,0.554,0.0187,0.581,89.87,3.03
user09,10,tap,2,0.0992,169.0,346.4,172.3,347.3,0.4535,0.2143,0.605,66.6,0.0
user09,11,swipe_down,14,0.2417,201.8,560.7,201.8,818.0,0.5354,0.0182,0.562,85.21,2.87
user09,12,long_press,3,0.3633,228.6,608.8,232.0,608.1,0.4807,0.017,0.497,76.3,0.0
user09,13,double_tap,4,0.5039,290.9,314.8,287.4,317.5,0.457,0.1755,0.609,61.5,0.0
user09,14,swipe_down,20,0.3404,227.9,206.0,227.9,580.6,0.4905,0.0162,0.515,72.78,2.35
user09,15,tap,2,0.1103,320.0,135.9,319.0,133.4,0.434,0.2051,0.579,44.2,0.0
user09,16,swipe_up,18,0.3144,239.0,490.5,239.0,169.9,0.5283,0.0174,0.555,72.31,2.36
user09,17,swipe_down,12,0.2012,165.5,204.8,165.5,426.9,0.5008,0.0172,0.525,62.48,2.14
user09,18,swipe_up,18,0.3121,174.3,241.7,174.3,-132.4,0.5076,0.0167,0.533,52.3,1.74
user09,19,tap,2,0.0716,336.9,307.5,337.5,309.0,0.425,0.2008,0.567,66.1,0.0
user09,20,swipe_left,21,0.3551,291.2,426.3,-90.1,426.3,0.4878,0.0161,0.515,48.99,1.58
user09,21,swipe_up,12,0.2062,251.0,254.8,251.0,54.3,0.5695,0.0196,0.597,75.72,2.6
user09,22,swipe_right,25,0.4173,179.7,201.7,572.3,201.7,0.46,0.0148,0.485,61.9,1.97
user09,23,pinch_out,17,0.2841,173.5,566.4,173.5,258.9,0.5238,0.0173,0.553,67.26,2.2
user09,24,long_press,5,0.5392,329.4,366.9,330.5,368.0,0.532,0.02,0.555,56.7,0.0
user09,25,pinch_in,21,0.3534,300.2,214.7,300.2,-135.0,0.535,0.0176,0.565,77.62,2.49
user09,26,swipe_down,16,0.2787,203.0,464.5,203.0,766.6,0.539,0.0181,0.566,52.62,1.73
user09,27,swipe_up,11,0.198,218.4,383.8,218.4,162.1,0.5316,0.0189,0.562,80.1,2.83
user09,28,swipe_left,15,0.2554,226.7,415.7,-18.3,415.7,0.5243,0.0178,0.554,112.18,3.74
user09,29,swipe_left,10,0.1754,318.6,261.1,160.4,261.1,0.512,0.0179,0.536,78.52,2.79
user09,30,swipe_left,14,0.2372,239.1,593.3,15.0,593.3,0.55,0.0187,0.577,77.54,2.63
user09,31,swipe_left,10,0.1728,273.6,310.3,110.8,310.3,0.5796,0.0204,0.607,51.86,1.83
user09,32,pinch_in,10,0.1711,261.8,250.4,261.8,53.1,0.5596,0.0198,0.586,93.02,3.35
user09,33,swipe_left,12,0.2026,203.8,583.4,-12.7,583.4,0.5543,0.019,0.581,65.67,2.26
user09,34,swipe_left,14,0.2409,196.7,456.9,-67.2,456.9,0.5113,0.0173,0.536,70.91,2.37
user09,35,tap,2,0.1003,174.5,581.3,176.1,580.8,0.437,0.2065,0.583,54.1,0.0
user09,36,swipe_right,18,0.3001,254.4,221.3,583.2,221.3,0.5062,0.0167,0.531,57.11,1.86
user09,37,tap,2,0.0986,315.8,263.1,313.8,259.6,0.466,0.2192,0.621,76.0,0.0
user09,38,double_tap,4,0.4067,345.9,206.3,346.6,208.6,0.466,0.179,0.621,63.8,0.0
user09,39,swipe_left,15,0.2586,324.3,343.2,17.8,343.2,0.4821,0.0164,0.509,75.45,2.54
user09,40,swipe_down,14,0.2437,185.0,493.3,185.0,733.7,0.5043,0.017,0.529,17.9,0.61
user09,41,swipe_down,13,0.2236,295.3,392.8,295.3,674.2,0.5509,0.0191,0.582,45.28,1.54
user09,42,swipe_down,10,0.1812,310.2,362.9,310.2,592.8,0.5468,0.0191,0.572,76.94,2.76
user09,43,swipe_right,10,0.1689,321.5,215.2,509.2,215.2,0.508,0.0179,0.532,59.74,2.14
user09,44,swipe_down,9,0.155,248.9,596.6,248.9,757.5,0.5128,0.0188,0.543,93.67,3.43
user09,45,swipe_down,8,0.1428,334.3,424.0,334.3,585.3,0.4815,0.0172,0.503,40.62,1.54
user09,46,swipe_right,16,0.2787,292.7,508.0,601.4,508.0,0.5206,0.0173,0.546,101.69,3.35
user09,47,swipe_down,17,0.2974,298.4,598.6,298.4,949.3,0.5384,0.0179,0.569,84.71,2.79
user09,48,long_press,7,0.7715,339.6,191.9,338.6,191.1,0.6363,0.0249,0.662,69.8,0.0
user09,49,swipe_up,8,0.1481,342.8,358.2,342.8,201.7,0.5215,0.0186,0.545,77.35,2.93
user09,50,swipe_down,22,0.3788,321.9,436.4,321.9,812.0,0.5276,0.0172,0.554,67.56,2.16
user09,51,double_tap,4,0.6045,344.2,405.9,345.9,402.5,0.449,0.1732,0.599,72.1,0.0
user09,52,tap,2,0.0756,285.5,698.3,286.2,699.0,0.4735,0.2227,0.631,54.1,0.0
user09,53,double_tap,4,0.4384,329.4,293.7,326.9,297.3,0.4705,0.1807,0.627,67.1,0.0
user09,54,double_tap,4,0.5179,291.5,420.9,292.8,412.1,0.469,0.1801,0.625,77.9,0.0
user09,55,swipe_right,15,0.2594,272.1,598.4,570.9,598.4,0.5193,0.0178,0.549,69.09,2.31
user09,56,long_press,4,0.4227,308.0,310.2,303.9,307.4,0.5308,0.0182,0.551,91.9,0.0
user09,57,swipe_left,13,0.2197,256.9,369.0,35.9,369.0,0.5273,0.0181,0.557,38.88,1.33
user09,58,pinch_in,20,0.3416,334.9,415.5,334.9,46.4,0.5459,0.0178,0.573,59.77,1.91
user09,59,swipe_down,29,0.4945,223.8,467.9,223.8,852.5,0.5077,0.0164,0.535,74.91,2.34
user09,60,swipe_up,14,0.2493,241.0,509.9,241.0,249.1,0.5,0.0166,0.524,44.94,1.52
user09,61,swipe_up,11,0.1858,182.6,288.3,182.6,79.5,0.5365,0.0189,0.567,116.59,4.07
user09,62,swipe_right,13,0.2223,188.4,306.4,434.4,306.4,0.525,0.0182,0.555,87.38,2.96
user09,63,tap,2,0.0821,238.0,335.5,237.6,337.8,0.41,0.1937,0.547,62.5,0.0
user09,64,double_tap,4,0.426,272.2,611.5,268.8,610.4,0.4355,0.168,0.581,65.8,0.0
user09,65,swipe_down,14,0.2427,344.4,271.5,344.4,549.3,0.494,0.0166,0.518,60.39,2.05
user09,66,swipe_down,15,0.2517,328.2,565.8,328.2,820.5,0.5607,0.019,0.592,52.33,1.75
user09,67,tap,2,0.1158,183.1,361.0,183.5,361.2,0.44,0.2079,0.587,36.7,0.0
user09,68,pinch_out,8,0.1385,286.5,538.1,286.5,385.7,0.588,0.0215,0.615,101.5,3.83
user09,69,swipe_down,12,0.2103,287.1,365.4,287.1,605.8,0.5508,0.0189,0.577,79.8,2.76
user09,70,double_tap,4,0.4739,298.2,464.2,295.7,467.1,0.4695,0.1807,0.626,53.7,0.0
user09,71,swipe_down,16,0.278,327.1,502.1,327.1,801.3,0.5525,0.0185,0.58,54.1,1.78
user09,72,swipe_up,15,0.2618,336.3,398.2,336.3,74.7,0.5182,0.0177,0.547,91.12,3.05
user09,73,swipe_up,14,0.2344,179.4,274.3,179.4,42.3,0.5699,0.0193,0.598,61.94,2.09
user09,74,pinch_in,15,0.2615,166.5,436.4,166.5,166.0,0.5771,0.0196,0.61,62.23,2.05
user09,75,pinch_out,13,0.2257,262.5,229.8,262.5,-7.2,0.5687,0.0196,0.601,64.76,2.2
user09,76,swipe_down,9,0.1534,300.2,406.1,300.2,577.7,0.5196,0.0191,0.55,103.34,3.77
user09,77,double_tap,4,0.3586,316.6,642.1,322.2,643.4,0.503,0.194,0.671,63.2,0.0
user09,78,pinch_out,8,0.1491,269.7,221.2,269.7,51.6,0.511,0.0184,0.534,98.7,3.71
user09,79,swipe_up,13,0.2276,184.6,442.3,184.6,220.1,0.5754,0.02,0.608,63.82,2.16
user09,80,long_press,4,0.4831,310.4,563.9,312.4,561.4,0.453,0.0173,0.472,74.0,0.0
user09,81,tap,2,0.0799,188.6,179.5,189.4,179.0,0.463,0.2178,0.617,35.9,0.0
user09,82,tap,2,0.0805,246.7,513.7,245.1,517.6,0.4655,0.2199,0.621,74.4,0.0
user09,83,swipe_left,21,0.3506,239.7,545.2,-127.6,545.2,0.5986,0.0196,0.632,80.99,2.59
user09,84,swipe_right,18,0.3011,184.1,540.9,551.1,540.9,0.5737,0.019,0.602,58.4,1.9
user09,85,tap,2,0.0643,282.8,458.6,283.6,462.4,0.4545,0.2143,0.606,51.8,0.0
user09,86,swipe_up,13,0.2172,232.0,534.2,232.0,289.1,0.4692,0.0163,0.496,26.1,0.87
user09,87,swipe_up,17,0.2967,190.7,458.6,190.7,136.8,0.5851,0.0196,0.618,64.68,2.13
user09,88,swipe_left,12,0.2111,273.8,591.1,17.1,591.1,0.557,0.0192,0.584,42.73,1.48
user09,89,swipe_right,10,0.1758,260.6,331.5,441.0,331.5,0.4922,0.0171,0.515,73.88,2.65
user09,90,swipe_right,18,0.3003,237.3,307.6,562.4,307.6,0.4692,0.0154,0.492,74.33,2.43
user09,91,swipe_down,17,0.2888,243.6,399.0,243.6,658.2,0.5234,0.0178,0.553,108.21,3.56
user09,92,swipe_right,10,0.1766,225.5,365.4,469.0,365.4,0.5214,0.0183,0.546,92.36,3.3
user09,93,tap,2,0.0938,240.7,633.8,241.4,634.0,0.487,0.2291,0.649,65.9,0.0
user09,94,swipe_down,17,0.2905,192.4,408.6,192.4,720.8,0.5009,0.0167,0.529,74.41,2.45
user09,95,swipe_left,13,0.2281,215.3,348.6,-33.3,348.6,0.5119,0.0177,0.541,84.26,2.87
user09,96,swipe_up,13,0.2305,227.9,407.4,227.9,176.3,0.5727,0.0196,0.605,77.9,2.65
user09,97,tap,2,0.1139,168.6,472.7,167.1,472.4,0.5125,0.2411,0.683,88.6,0.0
user09,98,pinch_in,21,0.3591,162.1,442.7,162.1,90.7,0.5344,0.0175,0.564,60.25,1.93
user09,99,double_tap,4,0.4021,190.6,617.4,194.5,617.5,0.5705,0.22,0.761,63.3,0.0
user09,100,tap,2,0.0988,189.2,697.4,185.3,698.3,0.45,0.2121,0.6,52.2,0.0
user09,101,double_tap,4,0.5528,336.1,315.3,337.5,314.7,0.456,0.1755,0.608,77.6,0.0
user09,102,tap,2,0.0725,315.3,262.7,314.4,257.8,0.4705,0.2213,0.627,57.4,0.0
user09,103,swipe_down,8,0.1482,321.8,480.4,321.8,641.4,0.5775,0.021,0.604,80.53,3.04
user09,104,swipe_down,22,0.3667,309.2,203.2,309.2,563.9,0.4644,0.0151,0.488,47.57,1.5
user09,105,pinch_out,22,0.3671,336.7,283.6,336.7,-115.0,0.562,0.0183,0.59,89.59,2.86
user09,106,double_tap,4,0.5002,295.3,316.7,294.6,316.0,0.518,0.1998,0.691,65.8,0.0
user09,107,swipe_right,23,0.397,270.8,411.9,666.4,411.9,0.5243,0.017,0.553,63.1,2.02
user09,108,double_tap,4,0.5304,265.2,610.5,266.8,609.6,0.473,0.1824,0.631,47.5,0.0
user09,109,swipe_down,19,0.3311,291.3,548.1,291.3,894.3,0.4544,0.015,0.48,64.23,2.08
user09,110,tap,2,0.0805,170.5,525.9,172.4,526.7,0.4355,0.2058,0.581,53.3,0.0
user09,111,pinch_in,9,0.1602,265.9,493.4,265.9,327.6,0.476,0.0174,0.504,53.56,1.96
user09,112,tap,2,0.1025,340.6,257.3,338.8,256.0,0.484,0.2277,0.645,44.5,0.0
user09,113,double_tap,4,0.3943,312.4,315.1,308.7,320.0,0.4795,0.1842,0.639,62.0,0.0
user09,114,pinch_out,25,0.4211,175.6,598.6,175.6,255.4,0.5846,0.019,0.617,99.6,3.13
user09,115,pinch_in,10,0.1783,287.9,561.2,287.9,370.3,0.422,0.0149,0.442,53.02,1.88
user09,116,swipe_up,12,0.2146,274.8,478.3,274.8,247.8,0.4893,0.0167,0.513,89.75,3.12
user09,117,long_press,5,0.5599,258.7,621.3,259.5,623.7,0.5446,0.0205,0.568,76.3,0.0
user09,118,swipe_up,12,0.2045,325.4,218.7,325.4,-7.2,0.559,0.0192,0.586,74.77,2.59
user09,119,swipe_right,18,0.3002,282.7,392.8,617.3,392.8,0.4947,0.0163,0.519,66.97,2.19
user09,120,pinch_out,9,0.1639,196.1,365.8,196.1,207.6,0.536,0.0197,0.568,64.77,2.38
user09,121,swipe_down,13,0.2192,344.4,439.6,344.4,650.1,0.4744,0.0164,0.501,79.31,2.71
user09,122,swipe_left,13,0.2227,284.6,412.3,38.2,412.3,0.4796,0.0165,0.507,56.22,1.91
user09,123,swipe_down,19,0.326,227.1,229.4,227.1,582.5,0.5136,0.017,0.542,80.43,2.58
user09,124,tap,2,0.1061,197.2,636.8,196.5,636.5,0.4395,0.2072,0.586,69.1,0.0
user09,125,long_press,3,0.3,215.4,216.6,213.7,220.4,0.547,0.0165,0.563,71.4,0.0
user09,126,double_tap,4,0.3831,304.6,651.9,301.0,654.9,0.4065,0.1565,0.542,31.3,0.0
user09,127,tap,2,0.1127,183.0,348.8,183.2,352.7,0.4755,0.2242,0.634,50.5,0.0
user09,128,swipe_left,21,0.3618,249.9,482.8,-86.3,482.8,0.5291,0.0173,0.558,75.28,2.4
user09,129,double_tap,4,0.5351,231.9,479.0,227.6,480.4,0.4335,0.1669,0.578,30.6,0.0
user09,130,swipe_right,12,0.2006,263.4,435.2,496.1,435.2,0.5957,0.0203,0.624,74.92,2.6
user09,131,swipe_right,17,0.2888,342.6,422.3,644.3,422.3,0.4995,0.0167,0.527,78.39,2.57
user09,132,swipe_down,12,0.2121,206.9,467.3,206.9,694.9,0.5065,0.0174,0.531,78.18,2.69
user09,133,swipe_up,20,0.3453,304.9,328.7,304.9,-22.5,0.5586,0.0183,0.587,63.83,2.04
user09,134,swipe_down,22,0.3763,280.4,440.5,280.4,821.7,0.6,0.0194,0.63,74.03,2.37
user09,135,swipe_down,13,0.2282,202.0,276.1,202.0,540.8,0.5228,0.0181,0.553,85.15,2.89
user09,136,tap,2,0.091,199.7,280.4,201.9,281.8,0.4175,0.1973,0.557,65.0,0.0
user09,137,swipe_right,9,0.1627,319.3,595.5,487.4,595.5,0.4573,0.0167,0.484,71.8,2.63
user09,138,swipe_up,7,0.1308,176.2,548.3,176.2,392.5,0.5087,0.0196,0.539,58.33,2.27
user09,139,swipe_left,10,0.1832,196.9,277.5,-8.9,277.5,0.5324,0.0189,0.558,74.88,2.65
user09,140,double_tap,4,0.5319,158.1,130.8,157.6,130.0,0.471,0.1813,0.628,80.7,0.0
user09,141,swipe_down,21,0.3576,306.6,468.4,306.6,767.9,0.509,0.0167,0.537,86.05,2.79
user09,142,swipe_down,20,0.3472,300.9,375.8,300.9,722.0,0.4777,0.0157,0.502,68.43,2.22
user09,143,pinch_out,16,0.2689,274.4,526.9,274.4,214.0,0.5449,0.0182,0.572,68.93,2.26
user09,144,swipe_right,12,0.2025,315.4,507.6,535.8,507.6,0.524,0.0178,0.549,61.57,2.14
user09,145,swipe_up,19,0.3275,207.0,517.1,207.0,132.7,0.5048,0.0167,0.533,88.33,2.84
user09,146,double_tap,4,0.5203,271.1,245.6,277.3,242.4,0.409,0.157,0.545,59.0,0.0
user09,147,swipe_up,21,0.3555,323.2,408.9,323.2,27.1,0.5477,0.0179,0.578,94.81,3.03
user09,148,swipe_up,13,0.2174,220.8,385.7,220.8,153.7,0.5324,0.0185,0.563,60.53,2.04
user09,149,swipe_right,8,0.1429,217.2,537.3,374.0,537.3,0.5678,0.0207,0.594,60.05,2.28
user09,150,swipe_down,22,0.3728,195.4,287.7,195.4,653.3,0.5342,0.0175,0.561,86.94,2.76
user09,151,pinch_in,22,0.3713,312.8,407.4,312.8,29.5,0.465,0.0151,0.488,82.87,2.66
user09,152,swipe_left,9,0.152,257.9,541.8,87.6,541.8,0.5412,0.0199,0.573,62.32,2.29
user09,153,long_press,4,0.4139,210.8,493.2,207.2,492.7,0.5233,0.0177,0.543,64.1,0.0
user09,154,swipe_up,16,0.2725,175.7,594.0,175.7,291.9,0.5508,0.0183,0.578,90.79,2.99
user09,155,tap,2,0.0944,226.4,639.2,225.5,642.6,0.432,0.2036,0.576,42.2,0.0
user09,156,swipe_down,11,0.1976,221.6,520.5,221.6,757.7,0.5694,0.0203,0.603,85.89,3.04
user09,157,double_tap,4,0.4235,156.7,430.7,158.8,431.2,0.4425,0.1703,0.59,31.2,0.0
user09,158,long_press,6,0.66,241.3,595.9,242.5,597.3,0.4693,0.0184,0.49,63.8,0.0
user09,159,tap,2,0.062,210.1,277.1,210.2,277.0,0.44,0.2079,0.587,76.3,0.0
user09,160,tap,2,0.0872,334.0,127.8,333.0,127.4,0.477,0.2249,0.636,50.5,0.0
user09,161,long_press,5,0.5518,273.7,544.6,275.7,544.3,0.488,0.0184,0.509,78.0,0.0
user09,162,tap,2,0.1109,274.8,225.0,274.0,227.2,0.447,0.2107,0.596,67.2,0.0
user09,163,pinch_in,7,0.1195,158.4,227.8,158.4,75.9,0.5681,0.0227,0.603,120.89,4.69
user09,164,pinch_in,21,0.363,271.9,318.6,271.9,-39.9,0.4319,0.0143,0.456,80.59,2.59
user09,165,swipe_down,16,0.274,284.1,287.1,284.1,606.3,0.4889,0.0161,0.513,59.68,1.98
user09,166,swipe_up,17,0.2864,285.2,450.0,285.2,144.3,0.4792,0.0161,0.506,76.32,2.51
user09,167,swipe_down,10,0.1676,238.5,409.4,238.5,591.5,0.4384,0.0154,0.459,88.3,3.15
user09,168,swipe_left,10,0.1733,177.1,353.7,-1.8,353.7,0.502,0.0179,0.526,74.26,2.63
user09,169,swipe_down,15,0.2609,311.3,434.4,311.3,736.0,0.5205,0.0176,0.55,65.23,2.16
user09,170,swipe_down,17,0.2929,213.6,335.5,213.6,673.4,0.5075,0.0171,0.536,94.86,3.12
user09,171,long_press,7,0.7183,195.8,684.4,195.1,682.9,0.528,0.0203,0.55,94.2,0.0
user09,172,swipe_left,21,0.3528,212.5,564.4,-179.7,564.4,0.4846,0.0158,0.511,52.23,1.66
user09,173,tap,2,0.0795,208.0,562.1,207.7,562.4,0.5085,0.2397,0.678,62.2,0.0
user09,174,pinch_out,20,0.3465,191.2,369.5,191.2,53.5,0.5233,0.0171,0.549,48.47,1.56
user09,175,swipe_up,7,0.127,162.5,585.9,162.5,430.2,0.5496,0.0214,0.583,95.01,3.71
user09,176,tap,2,0.0777,305.3,572.7,305.2,568.7,0.4605,0.2171,0.614,68.8,0.0
user09,177,double_tap,4,0.4313,230.8,510.1,227.6,507.7,0.4985,0.1923,0.665,78.0,0.0
user09,178,swipe_up,17,0.2863,271.9,513.2,271.9,195.0,0.5476,0.0184,0.578,77.27,2.55
user09,179,tap,2,0.0839,293.7,594.5,290.7,593.8,0.436,0.2051,0.581,39.7,0.0
user09,180,swipe_right,14,0.2394,257.1,544.3,529.7,544.3,0.5254,0.0178,0.551,93.06,3.12
user09,181,double_tap,4,0.4234,167.1,207.2,167.2,200.3,0.4525,0.1738,0.603,18.6,0.0
user09,182,pinch_in,17,0.2834,345.7,374.9,345.7,107.0,0.5873,0.0196,0.62,69.39,2.26
user09,183,tap,2,0.1161,326.8,462.4,328.6,463.3,0.4365,0.2058,0.582,43.5,0.0
user09,184,tap,2,0.0672,176.9,334.7,174.2,335.6,0.4545,0.2143,0.606,59.8,0.0
user09,185,swipe_up,11,0.1968,279.0,349.8,279.0,147.7,0.5585,0.0199,0.591,98.58,3.48
user09,186,double_tap,4,0.5093,312.2,183.2,310.2,182.6,0.4065,0.1565,0.542,55.4,0.0
user09,187,swipe_right,16,0.2742,223.4,250.0,474.6,250.0,0.5508,0.0183,0.578,72.44,2.4
user09,188,swipe_up,12,0.2025,245.6,417.5,245.6,198.7,0.4977,0.0171,0.522,50.92,1.77
user09,189,tap,2,0.0955,251.8,289.7,251.5,287.8,0.462,0.2178,0.616,75.5,0.0
user09,190,swipe_left,18,0.3129,215.8,362.8,-160.7,362.8,0.558,0.0186,0.586,79.8,2.59
user09,191,double_tap,4,0.4051,346.3,564.9,344.8,565.8,0.502,0.1928,0.669,19.7,0.0
user09,192,swipe_right,9,0.1518,341.5,283.8,501.1,283.8,0.5754,0.0212,0.609,67.86,2.47
user09,193,pinch_in,20,0.336,346.9,400.9,346.9,13.1,0.4935,0.0162,0.518,87.15,2.81
user09,194,tap,2,0.0791,244.4,369.5,244.3,367.8,0.4695,0.2213,0.626,26.4,0.0
user09,195,pinch_in,23,0.3955,341.4,457.6,341.4,62.0,0.5787,0.0189,0.611,83.6,2.67
user09,196,swipe_left,19,0.3261,262.0,316.9,-73.7,316.9,0.4769,0.0158,0.503,90.32,2.93
user09,197,tap,2,0.1108,182.4,446.1,182.3,444.4,0.4545,0.2143,0.606,30.1,0.0
user09,198,double_tap,4,0.3429,222.1,241.3,223.6,239.2,0.428,0.1651,0.571,62.0,0.0
user09,199,double_tap,4,0.452,176.6,401.2,178.4,408.5,0.436,0.1674,0.581,66.8,0.0
user10,0,swipe_right,20,0.3364,243.6,283.9,624.8,283.9,0.3968,0.013,0.417,12.81,0.41
user10,1,swipe_up,21,0.3554,273.8,321.0,273.8,-70.6,0.4467,0.0147,0.471,57.98,1.86
user10,2,swipe_left,18,0.3044,216.9,337.6,-123.2,337.6,0.5059,0.0167,0.531,34.8,1.15
user10,3,tap,2,0.1657,157.6,626.5,154.6,626.8,0.324,0.1527,0.432,23.2,0.0
user10,4,swipe_left,17,0.2958,243.2,552.9,-78.9,552.9,0.4512,0.0148,0.476,45.81,1.5
user10,5,swipe_left,10,0.1736,341.9,270.1,169.5,270.1,0.3178,0.0112,0.333,17.68,0.65
user10,6,pinch_in,11,0.1896,269.2,205.4,269.2,-25.8,0.4524,0.0159,0.478,30.15,1.06
user10,7,pinch_out,16,0.2747,200.0,325.8,200.0,18.7,0.4654,0.0155,0.488,38.88,1.28
user10,8,double_tap,4,0.6921,250.3,629.3,252.4,627.5,0.3975,0.153,0.53,28.6,0.0
user10,9,swipe_up,19,0.328,259.5,484.5,259.5,119.3,0.3531,0.0117,0.373,37.23,1.22
user10,10,pinch_out,17,0.291,236.7,244.8,236.7,-82.6,0.4818,0.0161,0.509,58.6,1.91
user10,11,pinch_out,18,0.3123,261.6,289.3,261.6,-96.2,0.4398,0.0146,0.462,57.9,1.9
user10,12,double_tap,4,0.662,197.4,293.4,196.1,294.0,0.4325,0.1669,0.577,24.4,0.0
user10,13,long_press,13,1.388,299.7,589.3,301.0,590.0,0.4146,0.0138,0.429,56.0,0.0
user10,14,long_press,11,1.1993,181.3,559.8,178.4,562.1,0.4659,0.0159,0.481,57.0,0.0
user10,15,swipe_right,19,0.3193,288.0,323.6,649.0,323.6,0.3533,0.0117,0.373,49.61,1.61
user10,16,swipe_down,15,0.2644,198.3,482.8,198.3,777.4,0.3615,0.0121,0.382,50.75,1.69
user10,17,pinch_out,8,0.1448,300.7,582.7,300.7,426.8,0.4065,0.0148,0.425,61.52,2.32
user10,18,tap,2,0.1634,193.6,434.7,193.7,437.1,0.503,0.2376,0.671,15.8,0.0
user10,19,swipe_left,16,0.2672,205.7,351.9,-93.9,351.9,0.3718,0.0125,0.39,10.6,0.36
user10,20,tap,2,0.1357,277.3,311.1,276.1,312.6,0.432,0.2036,0.576,10.0,0.0
user10,21,swipe_up,21,0.3629,308.3,322.2,308.3,-59.0,0.4948,0.0163,0.522,39.35,1.25
user10,22,swipe_left,14,0.2415,188.9,280.0,-78.5,280.0,0.5087,0.0173,0.534,59.59,2.0
user10,23,pinch_in,8,0.1404,277.6,474.7,277.6,310.1,0.4402,0.0159,0.46,30.72,1.17
user10,24,swipe_right,15,0.2634,254.3,264.7,538.1,264.7,0.4523,0.0153,0.478,46.99,1.57
user10,25,pinch_in,17,0.2867,310.5,312.7,310.5,6.3,0.4296,0.0144,0.454,24.38,0.79
user10,26,swipe_right,18,0.312,319.3,335.4,667.7,335.4,0.3497,0.0116,0.367,48.76,1.59
user10,27,swipe_down,10,0.1709,279.6,480.7,279.6,674.7,0.4412,0.0157,0.462,36.9,1.33
user10,28,pinch_out,19,0.3251,287.4,357.4,287.4,13.9,0.4672,0.0155,0.493,69.52,2.24
user10,29,pinch_out,16,0.2711,335.7,474.5,335.7,154.2,0.4995,0.0166,0.524,25.59,0.83
user10,30,swipe_down,11,0.1872,177.3,449.0,177.3,680.1,0.525,0.0185,0.555,43.55,1.51
user10,31,swipe_right,16,0.2674,267.2,577.8,560.9,577.8,0.4701,0.0156,0.493,36.21,1.18
user10,32,swipe_down,12,0.2067,318.0,225.5,318.0,448.0,0.5423,0.0186,0.568,28.6,1.0
user10,33,swipe_left,21,0.3522,152.3,320.4,-231.1,320.4,0.4464,0.0146,0.471,22.67,0.73
user10,34,swipe_left,18,0.3111,188.1,548.7,-151.3,548.7,0.3129,0.0105,0.328,61.16,1.98
user10,35,double_tap,4,0.6271,167.4,113.0,169.0,112.8,0.4,0.1536,0.533,45.7,0.0
user10,36,tap,2,0.1545,291.2,586.0,293.3,584.3,0.369,0.1739,0.492,18.7,0.0
user10,37,long_press,10,1.0508,288.6,250.7,284.6,250.5,0.4505,0.0161,0.465,47.4,0.0
user10,38,pinch_out,14,0.243,336.4,550.7,336.4,302.2,0.4256,0.0141,0.446,27.61,0.93
user10,39,double_tap,4,0.6054,167.6,527.5,174.2,530.9,0.3885,0.1495,0.518,37.6,0.0
user10,40,swipe_down,21,0.3505,319.2,318.3,319.2,696.3,0.3921,0.0128,0.414,52.87,1.71
user10,41,double_tap,4,0.4802,229.0,157.2,223.1,157.5,0.4605,0.1772,0.614,15.7,0.0
user10,42,long_press,12,1.2019,315.4,579.2,313.9,578.0,0.2942,0.0099,0.304,39.7,0.0
user10,43,swipe_down,20,0.3463,278.0,531.8,278.0,931.3,0.5692,0.0186,0.598,16.12,0.52
user10,44,long_press,12,1.2524,260.5,214.8,262.7,218.0,0.4989,0.0166,0.515,45.0,0.0
user10,45,pinch_in,19,0.3172,260.4,355.4,260.4,-5.8,0.4036,0.0135,0.426,43.15,1.39
user10,46,swipe_up,20,0.3341,298.7,217.2,298.7,-140.7,0.355,0.0118,0.373,42.85,1.39
user10,47,long_press,15,1.5635,316.9,191.6,316.9,190.1,0.4788,0.0175,0.499,49.3,0.0
user10,48,swipe_right,12,0.2079,253.7,398.5,478.8,398.5,0.455,0.0156,0.477,35.13,1.2
user10,49,pinch_in,8,0.1366,316.3,472.9,316.3,314.8,0.4252,0.0152,0.444,33.35,1.26
user10,50,swipe_down,16,0.2793,299.3,488.1,299.3,803.0,0.5292,0.0175,0.555,58.95,1.96
user10,51,double_tap,4,0.5471,265.0,256.5,259.0,256.7,0.4525,0.1738,0.603,19.8,0.0
user10,52,swipe_left,17,0.292,328.9,574.7,24.4,574.7,0.4306,0.0144,0.455,44.91,1.47
user10,53,swipe_up,18,0.3044,283.9,511.7,283.9,180.3,0.4144,0.0137,0.435,45.88,1.49
user10,54,pinch_out,11,0.1973,185.9,562.0,185.9,333.8,0.5084,0.018,0.538,45.36,1.6
user10,55,swipe_down,17,0.2866,326.9,476.6,326.9,793.1,0.4132,0.0137,0.436,52.15,1.71
user10,56,swipe_right,9,0.1658,189.7,256.2,370.5,256.2,0.3778,0.0139,0.4,34.56,1.28
user10,57,pinch_in,14,0.243,265.4,232.0,265.4,-68.6,0.4327,0.0149,0.454,39.0,1.34
user10,58,long_press,11,1.1065,159.7,581.9,160.4,578.5,0.3867,0.0135,0.399,34.1,0.0
user10,59,swipe_down,19,0.3317,192.7,389.8,192.7,755.6,0.5308,0.0175,0.56,64.81,2.11
user10,60,swipe_down,17,0.2836,168.1,572.0,168.1,878.4,0.5848,0.0197,0.618,68.49,2.26
user10,61,swipe_down,18,0.3047,153.5,452.2,153.5,764.3,0.3804,0.0125,0.399,43.99,1.42
user10,62,tap,2,0.2058,186.7,462.1,188.1,462.9,0.394,0.1853,0.525,22.9,0.0
user10,63,swipe_up,17,0.2839,212.6,359.1,212.6,34.0,0.5255,0.0176,0.555,40.57,1.32
user10,64,pinch_in,9,0.161,153.1,390.8,153.1,216.9,0.5044,0.0185,0.534,34.81,1.27
user10,65,swipe_down,19,0.3231,276.7,275.0,276.7,632.2,0.4586,0.0152,0.484,58.44,1.9
user10,66,pinch_in,11,0.1883,296.8,242.2,296.8,24.4,0.4465,0.0158,0.472,48.31,1.68
user10,67,swipe_up,10,0.1823,344.0,438.9,344.0,229.6,0.424,0.0149,0.444,48.12,1.73
user10,68,tap,2,0.1543,193.8,690.4,192.6,688.0,0.3885,0.1831,0.518,32.0,0.0
user10,69,double_tap,4,0.5729,167.4,393.7,160.8,398.6,0.417,0.1605,0.556,21.9,0.0
user10,70,tap,2,0.1226,220.3,634.6,222.0,635.7,0.435,0.2051,0.58,30.2,0.0
user10,71,tap,2,0.1501,152.6,208.1,153.2,208.9,0.331,0.1556,0.441,21.2,0.0
user10,72,double_tap,4,0.5886,206.9,327.3,209.3,326.4,0.378,0.1455,0.504,44.7,0.0
user10,73,swipe_right,8,0.1415,228.7,538.3,390.4,538.3,0.4635,0.0172,0.485,47.92,1.83
user10,74,long_press,17,1.7701,193.3,270.2,188.8,270.9,0.266,0.0124,0.28,33.2,0.0
user10,75,tap,2,0.1998,221.3,691.3,221.4,690.7,0.453,0.2135,0.604,24.9,0.0
user10,76,pinch_out,22,0.3697,333.6,598.6,333.6,212.3,0.4505,0.0147,0.473,41.0,1.31
user10,77,double_tap,4,0.6002,261.6,454.4,261.8,455.0,0.384,0.1478,0.512,56.9,0.0
user10,78,swipe_right,10,0.1678,243.1,554.7,433.3,554.7,0.3608,0.0127,0.378,69.98,2.5
user10,79,swipe_up,9,0.1596,271.6,427.5,271.6,253.3,0.4128,0.015,0.437,39.06,1.42
user10,80,tap,2,0.1418,349.7,666.7,347.7,664.3,0.385,0.181,0.513,23.4,0.0
user10,81,tap,2,0.1174,282.2,549.4,279.4,546.0,0.3495,0.1648,0.466,15.2,0.0
user10,82,tap,2,0.1378,233.4,597.0,234.4,597.8,0.319,0.1499,0.425,10.0,0.0
user10,83,swipe_right,12,0.2072,155.8,445.2,381.7,445.2,0.4538,0.0156,0.476,32.13,1.11
user10,84,double_tap,4,0.7203,329.2,183.6,331.6,183.7,0.389,0.1501,0.519,32.8,0.0
user10,85,swipe_up,14,0.2372,269.4,477.3,269.4,210.1,0.3643,0.0121,0.382,39.36,1.31
user10,86,swipe_up,15,0.2645,342.5,259.5,342.5,-23.6,0.4405,0.015,0.465,56.75,1.88
user10,87,tap,2,0.114,334.5,476.4,337.1,478.4,0.418,0.1966,0.557,28.3,0.0
user10,88,pinch_in,9,0.1517,158.3,240.7,158.3,68.9,0.4969,0.0184,0.526,36.97,1.34
user10,89,tap,2,0.1322,193.1,616.1,190.4,618.4,0.3945,0.186,0.526,56.9,0.0
user10,90,swipe_left,16,0.278,313.6,221.9,-11.2,221.9,0.409,0.0135,0.429,18.54,0.61
user10,91,swipe_right,9,0.1648,300.0,376.8,487.8,376.8,0.4609,0.0172,0.488,43.48,1.59
user10,92,long_press,8,0.8552,241.9,146.1,243.8,146.9,0.393,0.015,0.407,53.4,0.0
user10,93,tap,2,0.1783,331.6,449.4,328.5,448.6,0.396,0.1867,0.528,47.5,0.0
user10,94,tap,2,0.1544,311.4,679.8,312.5,681.0,0.456,0.215,0.608,27.9,0.0
user10,95,pinch_out,10,0.1765,199.2,581.2,199.2,397.3,0.4326,0.0154,0.453,44.56,1.58
user10,96,swipe_down,12,0.2063,334.1,566.0,334.1,814.1,0.349,0.012,0.366,17.83,0.6
user10,97,swipe_right,12,0.2058,226.5,365.7,463.5,365.7,0.5042,0.0172,0.528,59.95,2.05
user10,98,swipe_down,7,0.1255,224.9,505.9,224.9,657.5,0.4169,0.0162,0.442,53.33,2.09
user10,99,swipe_right,19,0.328,244.8,457.9,621.5,457.9,0.4767,0.0158,0.503,59.39,1.94
user10,100,tap,2,0.144,310.0,688.4,309.2,691.2,0.416,0.1966,0.555,55.3,0.0
user10,101,swipe_right,11,0.1987,247.2,521.0,471.3,521.0,0.4132,0.0147,0.437,64.17,2.24
user10,102,swipe_up,18,0.3094,286.3,594.3,286.3,208.7,0.5563,0.0182,0.584,43.1,1.4
user10,103,double_tap,4,0.464,254.4,196.9,255.7,196.0,0.3585,0.138,0.478,49.7,0.0
user10,104,pinch_in,11,0.1846,333.2,434.4,333.2,231.8,0.4325,0.0153,0.458,17.83,0.61
user10,105,swipe_left,17,0.2909,225.7,289.3,-95.9,289.3,0.4912,0.0165,0.519,25.19,0.82
user10,106,double_tap,4,0.5045,205.0,573.4,204.4,575.7,0.4975,0.1911,0.663,24.2,0.0
user10,107,tap,2,0.1074,255.5,295.4,257.2,295.1,0.3725,0.1761,0.497,40.3,0.0
user10,108,tap,2,0.1665,252.4,350.0,251.5,353.2,0.37,0.1739,0.493,50.7,0.0
user10,109,tap,2,0.1279,293.8,287.8,293.3,286.4,0.4665,0.2199,0.622,36.6,0.0
user10,110,swipe_up,17,0.2874,336.0,377.0,336.0,26.3,0.463,0.0157,0.489,34.83,1.14
user10,111,pinch_in,8,0.1455,312.5,534.9,312.5,381.1,0.4505,0.0163,0.471,40.25,1.5
user10,112,pinch_out,13,0.2173,342.5,400.3,342.5,150.8,0.4876,0.0169,0.515,39.86,1.35
user10,113,long_press,9,0.9693,166.0,349.2,166.7,354.2,0.4453,0.0166,0.46,17.9,0.0
user10,114,double_tap,4,0.5101,229.2,175.7,231.0,179.3,0.5335,0.205,0.711,10.0,0.0
user10,115,swipe_left,15,0.2567,224.1,362.9,-34.1,362.9,0.4274,0.0145,0.451,49.55,1.66
user10,116,pinch_in,11,0.191,187.0,292.1,187.0,76.3,0.3802,0.0134,0.402,53.32,1.88
user10,117,swipe_down,9,0.159,208.2,226.1,208.2,396.6,0.4627,0.0172,0.49,64.13,2.36
user10,118,swipe_down,12,0.2108,162.9,356.4,162.9,576.1,0.4715,0.0161,0.494,55.88,1.94
user10,119,tap,2,0.1631,254.6,388.7,255.3,390.4,0.349,0.164,0.465,25.3,0.0
user10,120,pinch_out,12,0.205,160.9,452.5,160.9,214.8,0.4945,0.0169,0.518,28.27,0.97
user10,121,double_tap,4,0.4412,322.7,318.9,320.9,321.4,0.3385,0.1299,0.451,32.1,0.0
user10,122,pinch_in,8,0.1355,314.2,544.6,314.2,387.5,0.4838,0.0176,0.506,43.45,1.62
user10,123,pinch_out,9,0.1511,288.7,242.9,288.7,80.9,0.4503,0.0167,0.477,34.0,1.25
user10,124,long_press,9,0.9854,227.4,167.3,227.5,165.3,0.4899,0.0181,0.506,45.1,0.0
user10,125,swipe_right,17,0.2976,173.1,263.7,510.8,263.7,0.3798,0.0127,0.401,41.15,1.35
user10,126,double_tap,4,0.6413,190.8,608.2,196.7,605.0,0.4295,0.1657,0.573,21.7,0.0
user10,127,swipe_down,10,0.1781,237.0,461.0,237.0,662.2,0.4438,0.0157,0.465,52.72,1.88
user10,128,swipe_right,15,0.2586,263.0,446.0,538.6,446.0,0.5067,0.0172,0.535,69.37,2.31
user10,129,swipe_up,17,0.2865,228.9,384.0,228.9,69.9,0.3718,0.0127,0.393,36.84,1.21
user10,130,swipe_left,19,0.3276,302.9,242.7,-76.5,242.7,0.3421,0.0113,0.361,34.21,1.1
user10,131,pinch_in,12,0.2075,176.3,595.1,176.3,361.8,0.4675,0.0161,0.49,38.97,1.36
user10,132,tap,2,0.1808,305.9,652.4,310.6,650.9,0.3425,0.1619,0.457,42.1,0.0
user10,133,swipe_up,8,0.1479,321.4,526.3,321.4,360.9,0.5025,0.0179,0.525,57.42,2.19
user10,134,swipe_left,10,0.183,185.0,587.4,-18.3,587.4,0.3078,0.0107,0.322,17.48,0.65
user10,135,swipe_down,15,0.2601,247.6,265.3,247.6,539.0,0.489,0.0166,0.517,41.24,1.39
user10,136,swipe_right,15,0.2583,180.4,218.7,464.9,218.7,0.4479,0.0151,0.473,44.83,1.48
user10,137,swipe_down,19,0.3281,165.6,410.6,165.6,758.4,0.396,0.0131,0.418,51.97,1.68
user10,138,swipe_up,19,0.3283,340.1,259.3,340.1,-139.1,0.4557,0.0151,0.481,55.25,1.8
user10,139,tap,2,0.1927,263.5,409.2,266.5,405.3,0.3535,0.1662,0.471,34.7,0.0
user10,140,tap,2,0.1451,253.3,111.6,253.8,112.7,0.387,0.1824,0.516,29.2,0.0
user10,141,pinch_out,19,0.3276,194.5,495.4,194.5,119.3,0.4223,0.0141,0.446,26.18,0.84
user10,142,swipe_down,10,0.1807,345.4,500.0,345.4,721.1,0.4756,0.0168,0.498,27.7,1.0
user10,143,swipe_right,16,0.269,205.0,575.2,518.3,575.2,0.424,0.0142,0.445,48.19,1.59
user10,144,pinch_out,19,0.3303,312.6,334.9,312.6,-56.1,0.5191,0.0174,0.548,45.91,1.49
user10,145,swipe_up,18,0.3014,323.2,441.2,323.2,87.2,0.3644,0.0122,0.383,64.12,2.08
user10,146,swipe_left,16,0.2831,285.5,274.9,-34.5,274.9,0.422,0.0142,0.443,19.23,0.66
user10,147,swipe_right,16,0.2719,309.3,561.8,628.0,561.8,0.5239,0.0176,0.55,43.09,1.42
user10,148,swipe_left,19,0.3261,234.9,484.2,-132.0,484.2,0.4672,0.0155,0.493,49.72,1.62
user10,149,pinch_out,13,0.2172,199.5,553.0,199.5,312.8,0.4635,0.0161,0.49,27.24,0.94
user10,150,tap,2,0.1199,283.2,569.1,279.0,567.5,0.378,0.1782,0.504,23.1,0.0
user10,151,pinch_out,18,0.3095,307.2,289.5,307.2,-53.6,0.5198,0.0173,0.546,36.24,1.19
user10,152,swipe_right,8,0.1458,230.5,499.7,398.7,499.7,0.4238,0.0152,0.443,32.98,1.22
user10,153,tap,2,0.1659,293.2,492.4,293.5,495.4,0.3555,0.1676,0.474,38.8,0.0
user10,154,double_tap,4,0.6191,216.6,520.3,221.5,517.6,0.459,0.1767,0.612,26.5,0.0
user10,155,double_tap,4,0.7656,250.3,588.4,255.6,583.9,0.2965,0.1137,0.395,17.4,0.0
user10,156,pinch_out,12,0.2137,205.8,328.7,205.8,94.9,0.5643,0.0194,0.591,48.98,1.69
user10,157,double_tap,4,0.6403,244.7,410.6,245.3,410.6,0.4545,0.1749,0.606,38.0,0.0
user10,158,tap,2,0.1867,194.0,404.5,197.6,405.3,0.414,0.1952,0.552,42.6,0.0
user10,159,pinch_out,17,0.2904,250.7,484.4,250.7,140.9,0.3649,0.0121,0.385,47.18,1.55
user10,160,swipe_up,12,0.2036,221.3,576.2,221.3,366.1,0.4455,0.0152,0.467,23.08,0.81
user10,161,swipe_up,16,0.2791,278.3,330.9,278.3,8.4,0.4448,0.0148,0.467,29.7,0.99
user10,162,swipe_up,12,0.2028,299.2,253.6,299.2,25.1,0.4628,0.0156,0.485,23.68,0.81
user10,163,swipe_up,19,0.3209,192.2,210.7,192.2,-119.2,0.5716,0.019,0.603,13.72,0.44
user10,164,swipe_up,18,0.31,253.4,541.9,253.4,208.8,0.5578,0.0183,0.585,40.59,1.32
user10,165,swipe_up,22,0.3678,173.3,382.8,173.3,-13.3,0.4054,0.0134,0.426,26.09,0.82
user10,166,tap,2,0.1616,298.4,509.8,299.0,508.8,0.368,0.1739,0.491,38.2,0.0
user10,167,pinch_out,15,0.2569,262.8,361.7,262.8,89.2,0.4016,0.0135,0.424,55.01,1.84
user10,168,swipe_left,11,0.1843,181.1,529.1,-32.6,529.1,0.3729,0.0131,0.394,47.45,1.65
user10,169,swipe_right,14,0.2378,189.4,263.9,457.7,263.9,0.4379,0.0148,0.459,54.89,1.86
user10,170,double_tap,4,0.6335,349.4,572.4,345.9,570.9,0.4035,0.1553,0.538,38.7,0.0
user10,171,swipe_left,15,0.2638,169.0,355.4,-128.0,355.4,0.3554,0.012,0.375,29.04,0.99
user10,172,tap,2,0.1631,258.7,303.2,257.4,302.7,0.347,0.164,0.463,43.2,0.0
user10,173,swipe_left,8,0.1417,194.2,495.5,37.3,495.5,0.3758,0.0135,0.393,39.12,1.47
user10,174,tap,2,0.1713,183.9,100.6,184.5,99.2,0.33,0.1556,0.44,36.5,0.0
user10,175,tap,2,0.0986,244.7,351.6,242.7,351.8,0.373,0.1754,0.497,37.6,0.0
user10,176,long_press,13,1.3823,311.6,693.2,309.7,692.4,0.4583,0.0152,0.475,53.7,0.0
user10,177,pinch_in,13,0.2291,319.3,562.2,319.3,299.2,0.4964,0.0172,0.525,15.23,0.51
user10,178,swipe_up,15,0.2612,152.0,522.0,152.0,242.6,0.4043,0.0139,0.427,54.82,1.81
user10,179,double_tap,4,0.6463,332.9,424.7,339.2,423.3,0.299,0.1155,0.399,31.5,0.0
user10,180,swipe_right,20,0.3461,299.7,260.2,685.1,260.2,0.3752,0.0123,0.394,53.53,1.72
user10,181,tap,2,0.1682,319.4,248.0,316.2,245.1,0.4655,0.2199,0.621,42.9,0.0
user10,182,tap,2,0.1807,168.7,541.4,169.6,540.7,0.354,0.1669,0.472,35.1,0.0
user10,183,long_press,13,1.3116,186.5,349.8,190.6,349.4,0.4854,0.0158,0.502,63.4,0.0
user10,184,pinch_out,15,0.2597,349.4,511.6,349.4,208.5,0.5119,0.0174,0.541,57.7,1.92
user10,185,swipe_up,16,0.2812,305.1,249.8,305.1,-63.6,0.5005,0.0166,0.525,56.5,1.88
user10,186,swipe_left,9,0.1662,151.8,453.3,-26.5,453.3,0.4901,0.0181,0.519,23.98,0.88
user10,187,tap,2,0.1298,335.1,681.5,336.6,681.0,0.436,0.2051,0.581,40.9,0.0
user10,188,long_press,15,1.5563,163.5,344.8,163.1,343.8,0.5186,0.0188,0.54,29.9,0.0
user10,189,tap,2,0.0923,279.8,308.7,278.4,306.8,0.4375,0.2058,0.583,28.0,0.0
user10,190,swipe_up,10,0.1669,307.5,218.2,307.5,41.5,0.3734,0.013,0.391,42.5,1.53
user10,191,long_press,7,0.7507,277.1,215.6,274.3,213.4,0.4799,0.0187,0.5,52.2,0.0
user10,192,swipe_up,18,0.3114,206.3,406.4,206.3,72.6,0.4921,0.0161,0.517,21.13,0.69
user10,193,swipe_up,21,0.3561,235.8,575.5,235.8,177.7,0.4703,0.0151,0.496,38.23,1.23
user10,194,tap,2,0.1374,207.6,574.5,210.5,575.6,0.364,0.1711,0.485,21.7,0.0
user10,195,double_tap,4,0.5022,175.0,266.2,173.7,264.0,0.3335,0.1287,0.445,23.3,0.0
user10,196,double_tap,4,0.7129,307.5,444.6,307.1,442.0,0.3795,0.1461,0.506,42.6,0.0
user10,197,tap,2,0.1396,287.7,184.1,284.9,184.8,0.425,0.2008,0.567,41.5,0.0
user10,198,swipe_down,13,0.2285,163.7,258.1,163.7,544.6,0.5082,0.0173,0.537,58.32,1.99
user10,199,swipe_up,15,0.2646,230.0,506.0,230.0,231.1,0.3845,0.013,0.406,65.08,2.19
user11,0,swipe_right,15,0.2621,68.1,212.6,326.5,212.6,0.7175,0.0243,0.758,74.89,2.5
user11,1,double_tap,4,0.6683,107.3,376.0,108.9,373.4,0.536,0.2067,0.715,35.1,0.0
user11,2,swipe_down,9,0.1513,175.7,580.6,175.7,749.6,0.6533,0.0239,0.692,59.67,2.18
user11,3,tap,2,0.1315,140.3,526.4,139.3,525.0,0.616,0.2899,0.821,55.6,0.0
user11,4,swipe_left,11,0.1922,172.7,301.1,-10.8,301.1,0.6827,0.0243,0.722,66.99,2.38
user11,5,swipe_down,13,0.2184,97.2,559.7,97.2,774.9,0.6559,0.0228,0.693,68.51,2.34
user11,6,swipe_right,13,0.2176,177.7,429.7,383.1,429.7,0.6956,0.024,0.735,64.03,2.17
user11,7,swipe_right,19,0.3298,120.4,371.6,446.2,371.6,0.6449,0.0214,0.681,60.87,1.98
user11,8,long_press,18,1.8221,116.0,389.1,115.2,388.8,0.7339,0.036,0.775,48.9,0.0
user11,9,tap,2,0.1389,111.1,660.7,112.6,660.7,0.6025,0.2835,0.803,37.7,0.0
user11,10,tap,2,0.1961,54.8,254.7,50.1,254.7,0.597,0.2814,0.796,29.0,0.0
user11,11,tap,2,0.1451,112.8,102.8,112.3,101.4,0.483,0.2277,0.644,68.9,0.0
user11,12,pinch_out,19,0.3265,53.6,231.6,53.6,-65.6,0.5792,0.0193,0.611,63.03,2.03
user11,13,swipe_down,20,0.3458,107.9,488.5,107.9,746.9,0.6192,0.0203,0.65,56.92,1.83
user11,14,long_press,19,1.9245,143.5,346.7,144.2,346.7,0.6947,0.0382,0.738,66.2,0.0
user11,15,pinch_in,19,0.3252,77.5,328.4,77.5,-63.7,0.6038,0.0198,0.637,58.22,1.88
user11,16,tap,2,0.1279,102.4,692.8,101.4,693.2,0.525,0.2475,0.7,47.4,0.0
user11,17,double_tap,4,0.4992,47.0,184.2,46.3,183.3,0.608,0.2344,0.811,62.9,0.0
user11,18,long_press,21,2.1431,143.5,479.3,140.8,479.3,0.4731,0.0317,0.509,44.4,0.0
user11,19,swipe_left,15,0.2542,113.5,266.9,-149.6,266.9,0.5036,0.0171,0.532,43.43,1.45
user11,20,tap,2,0.2052,120.4,591.9,121.6,594.1,0.446,0.2107,0.595,49.4,0.0
user11,21,swipe_down,23,0.3861,184.9,430.1,184.9,755.7,0.6732,0.0219,0.71,60.96,1.93
user11,22,long_press,18,1.8971,191.9,394.8,192.5,393.5,0.4641,0.0248,0.492,76.8,0.0
user11,23,tap,2,0.1573,179.2,414.8,178.1,414.3,0.4425,0.2086,0.59,58.9,0.0
user11,24,swipe_right,12,0.2072,77.4,376.2,316.6,376.2,0.7402,0.0252,0.776,61.67,2.14
user11,25,double_tap,4,0.5949,139.1,555.4,138.7,555.8,0.5635,0.2165,0.751,51.5,0.0
user11,26,double_tap,4,0.5194,41.4,223.0,37.5,218.6,0.557,0.2148,0.743,25.9,0.0
user11,27,tap,2,0.1453,183.1,383.9,179.4,382.4,0.5705,0.2694,0.761,76.4,0.0
user11,28,tap,2,0.1592,30.4,680.8,29.5,681.6,0.5505,0.2595,0.734,47.2,0.0
user11,29,swipe_right,14,0.247,194.5,593.0,456.9,593.0,0.7653,0.0259,0.803,43.76,1.48
user11,30,long_press,19,1.9531,84.6,322.3,78.2,321.5,0.5818,0.033,0.619,54.5,0.0
user11,31,pinch_in,22,0.3723,192.0,450.0,192.0,120.7,0.6202,0.0201,0.651,50.17,1.6
user11,32,swipe_right,17,0.2959,64.9,384.4,330.1,384.4,0.6428,0.0216,0.679,74.0,2.44
user11,33,long_press,18,1.8841,172.2,553.9,167.8,555.7,0.6129,0.0323,0.649,53.4,0.0
user11,34,swipe_up,15,0.2645,198.0,404.1,198.0,147.3,0.787,0.0267,0.831,72.2,2.4
user11,35,swipe_left,22,0.3681,37.2,591.2,-361.1,591.2,0.704,0.0227,0.739,63.25,2.03
user11,36,tap,2,0.1403,86.4,233.8,89.2,234.2,0.499,0.2348,0.665,47.9,0.0
user11,37,pinch_out,26,0.4438,162.1,495.0,162.1,122.1,0.6154,0.0199,0.647,86.99,2.74
user11,38,swipe_down,11,0.1989,187.6,585.5,187.6,771.9,0.6794,0.0241,0.719,62.53,2.2
user11,39,pinch_out,19,0.3227,113.1,420.2,113.1,96.6,0.6335,0.021,0.669,63.79,2.07
user11,40,pinch_out,14,0.2349,139.6,272.3,139.6,57.9,0.6736,0.0224,0.706,56.87,1.92
user11,41,pinch_in,15,0.2531,97.6,229.6,97.6,-11.1,0.6755,0.023,0.714,41.97,1.41
user11,42,swipe_right,24,0.4091,159.0,519.3,547.5,519.3,0.6748,0.0218,0.709,79.22,2.5
user11,43,long_press,19,1.9377,97.8,591.8,98.4,595.9,0.5751,0.0321,0.611,40.3,0.0
user11,44,swipe_down,24,0.4158,152.4,277.0,152.4,632.4,0.6311,0.0204,0.663,41.35,1.32
user11,45,swipe_left,17,0.2964,136.3,323.2,-110.2,323.2,0.7359,0.0247,0.777,60.32,1.99
user11,46,swipe_left,15,0.2537,54.8,324.1,-150.6,324.1,0.6945,0.0237,0.734,70.69,2.39
user11,47,swipe_right,20,0.3382,158.3,275.7,544.9,275.7,0.7306,0.024,0.767,103.93,3.35
user11,48,swipe_left,18,0.3143,157.0,553.5,-184.7,553.5,0.5334,0.0175,0.56,58.31,1.91
user11,49,swipe_up,21,0.3585,143.8,504.0,143.8,109.2,0.6603,0.0218,0.697,71.2,2.29
user11,50,swipe_right,19,0.33,129.8,323.8,451.1,323.8,0.5641,0.0187,0.595,63.39,2.07
user11,51,long_press,21,2.1134,99.9,638.4,103.7,637.7,0.6018,0.0394,0.646,54.6,0.0
user11,52,tap,2,0.1417,128.3,692.8,127.5,696.8,0.5675,0.268,0.757,50.5,0.0
user11,53,tap,2,0.1412,156.7,682.8,157.0,680.2,0.703,0.3309,0.937,34.7,0.0
user11,54,tap,2,0.0959,68.6,527.1,69.2,525.5,0.5955,0.2807,0.794,45.6,0.0
user11,55,swipe_up,15,0.2525,162.8,215.7,162.8,-11.4,0.6166,0.0209,0.651,63.63,2.12
user11,56,tap,2,0.167,99.6,269.4,99.9,270.0,0.5935,0.2793,0.791,41.0,0.0
user11,57,long_press,19,1.9856,145.7,644.1,145.7,642.8,0.7335,0.0431,0.782,62.9,0.0
user11,58,swipe_down,13,0.2294,186.1,592.1,186.1,849.9,0.7002,0.0243,0.74,55.88,1.91
user11,59,tap,2,0.1414,106.6,293.1,108.5,293.5,0.538,0.2531,0.717,47.4,0.0
user11,60,swipe_down,21,0.3557,94.3,357.0,94.3,725.5,0.5722,0.0191,0.604,54.94,1.76
user11,61,tap,2,0.1313,99.0,420.6,99.3,419.8,0.504,0.2376,0.672,45.6,0.0
user11,62,swipe_up,17,0.2893,90.6,599.2,90.6,316.2,0.5675,0.0191,0.599,62.95,2.05
user11,63,swipe_right,12,0.2103,117.1,375.5,334.8,375.5,0.5262,0.0181,0.552,58.43,2.03
user11,64,swipe_down,10,0.1672,40.8,477.2,40.8,642.7,0.469,0.0164,0.491,64.52,2.3
user11,65,double_tap,4,0.5695,157.5,490.6,157.5,490.5,0.5805,0.2234,0.774,43.7,0.0
user11,66,swipe_up,22,0.378,59.8,303.5,59.8,-33.7,0.5695,0.0185,0.598,66.49,2.13
user11,67,swipe_down,12,0.206,83.1,486.9,83.1,686.9,0.5872,0.02,0.615,66.95,2.29
user11,68,swipe_right,17,0.2971,160.7,504.8,439.7,504.8,0.5945,0.0199,0.628,44.11,1.47
user11,69,pinch_in,16,0.2731,37.9,443.1,37.9,199.5,0.5595,0.0185,0.587,82.02,2.72
user11,70,double_tap,4,0.5371,167.4,431.3,163.1,431.7,0.628,0.2413,0.837,39.0,0.0
user11,71,swipe_left,17,0.2982,131.5,263.8,-177.2,263.8,0.7229,0.0243,0.763,81.42,2.68
user11,72,swipe_right,18,0.3032,76.5,428.3,374.7,428.3,0.5927,0.0195,0.622,57.42,1.87
user11,73,double_tap,4,0.6673,134.6,456.2,131.9,454.2,0.561,0.2159,0.748,47.2,0.0
user11,74,tap,2,0.1741,159.4,299.3,159.0,300.3,0.51,0.2404,0.68,38.5,0.0
user11,75,pinch_out,16,0.2715,118.2,354.6,118.2,87.4,0.5915,0.0198,0.621,69.78,2.31
user11,76,tap,2,0.1773,188.6,457.5,187.0,461.6,0.687,0.3239,0.916,24.2,0.0
user11,77,swipe_up,15,0.2598,126.9,483.0,126.9,225.7,0.6034,0.0203,0.637,69.07,2.31
user11,78,swipe_up,9,0.1515,143.1,412.5,143.1,248.9,0.6136,0.0225,0.65,69.79,2.55
user11,79,pinch_out,10,0.1803,48.1,424.2,48.1,255.7,0.6486,0.0228,0.679,91.54,3.28
user11,80,tap,2,0.1967,124.0,624.7,124.3,626.6,0.5055,0.2383,0.674,37.9,0.0
user11,81,tap,2,0.1672,58.7,614.7,61.0,615.6,0.532,0.2503,0.709,52.1,0.0
user11,82,double_tap,4,0.4668,78.8,116.5,82.1,116.9,0.483,0.1859,0.644,43.5,0.0
user11,83,swipe_right,16,0.2753,69.6,354.7,351.6,354.7,0.4348,0.0145,0.456,53.75,1.79
user11,84,tap,2,0.1648,159.5,315.3,160.4,318.1,0.5775,0.2722,0.77,66.8,0.0
user11,85,swipe_up,20,0.341,103.1,444.1,103.1,66.9,0.4766,0.0155,0.5,72.3,2.33
user11,86,swipe_right,16,0.2746,151.7,220.2,421.8,220.2,0.6335,0.0213,0.665,59.35,1.96
user11,87,swipe_down,13,0.2272,108.0,265.4,108.0,478.4,0.7402,0.0259,0.783,58.95,2.02
user11,88,swipe_right,14,0.2347,98.4,365.6,331.8,365.6,0.5661,0.0193,0.594,56.54,1.9
user11,89,tap,2,0.1828,88.8,349.8,89.0,354.6,0.5505,0.2595,0.734,42.9,0.0
user11,90,swipe_left,18,0.3016,166.4,589.1,-140.9,589.1,0.7517,0.0248,0.789,88.38,2.87
user11,91,pinch_in,17,0.2971,66.5,237.7,66.5,-45.3,0.6213,0.0209,0.656,63.51,2.09
user11,92,double_tap,4,0.4078,100.1,502.1,96.6,501.4,0.369,0.142,0.492,43.1,0.0
user11,93,swipe_right,13,0.227,144.0,296.4,372.8,296.4,0.636,0.0221,0.672,60.08,2.04
user11,94,swipe_down,12,0.2101,134.0,467.2,134.0,676.4,0.6695,0.0232,0.702,78.08,2.69
user11,95,swipe_right,16,0.2831,161.0,376.1,478.5,376.1,0.7256,0.0241,0.761,56.01,1.83
user11,96,swipe_right,19,0.326,59.4,226.4,409.2,226.4,0.6811,0.0226,0.719,85.26,2.77
user11,97,swipe_down,24,0.4053,173.6,491.7,173.6,849.7,0.6862,0.0222,0.721,74.68,2.35
user11,98,swipe_down,7,0.1278,41.7,485.4,41.7,641.5,0.5893,0.023,0.625,64.94,2.51
user11,99,tap,2,0.1193,172.9,328.0,173.7,329.0,0.552,0.2602,0.736,52.2,0.0
user11,100,swipe_right,24,0.4089,162.5,457.1,547.1,457.1,0.7461,0.0243,0.784,66.36,2.1
user11,101,pinch_out,14,0.2404,31.0,255.0,31.0,-4.8,0.7167,0.0242,0.752,60.39,2.05
user11,102,swipe_down,24,0.4161,169.2,521.2,169.2,907.6,0.6151,0.0198,0.646,62.35,1.97
user11,103,pinch_out,17,0.2911,80.9,522.6,80.9,239.1,0.6475,0.0218,0.684,73.75,2.42
user11,104,long_press,19,1.9426,77.2,404.7,74.7,406.6,0.5559,0.0311,0.591,67.7,0.0
user11,105,tap,2,0.2148,95.8,520.4,97.9,522.2,0.4935,0.2326,0.658,50.0,0.0
user11,106,long_press,18,1.8339,59.8,644.6,58.2,643.6,0.5967,0.0296,0.63,79.3,0.0
user11,107,swipe_up,14,0.2363,34.1,299.9,34.1,40.9,0.611,0.0208,0.641,88.23,2.98
user11,108,tap,2,0.1523,59.2,558.7,59.7,557.4,0.514,0.2418,0.685,60.8,0.0
user11,109,swipe_left,21,0.3656,33.5,204.4,-309.1,204.4,0.7216,0.0237,0.761,69.99,2.25
user11,110,tap,2,0.1592,79.8,396.6,84.9,395.4,0.5525,0.2609,0.737,61.7,0.0
user11,111,pinch_in,21,0.3623,90.6,591.9,90.6,196.1,0.5402,0.0177,0.57,60.15,1.93
user11,112,swipe_down,17,0.2986,97.6,376.4,97.6,681.1,0.6111,0.0203,0.645,61.05,2.02
user11,113,pinch_in,11,0.1964,96.7,558.7,96.7,348.3,0.5865,0.0209,0.62,55.43,1.96
user11,114,double_tap,4,0.5514,81.4,127.0,79.0,132.0,0.5415,0.2084,0.722,62.0,0.0
user11,115,tap,2,0.1197,51.8,441.9,47.8,437.8,0.5415,0.2553,0.722,85.1,0.0
user11,116,tap,2,0.244,118.3,670.2,119.4,672.4,0.4615,0.2171,0.615,58.1,0.0
user11,117,swipe_down,18,0.3045,102.7,224.7,102.7,578.5,0.6153,0.0203,0.646,61.49,2.0
user11,118,swipe_left,10,0.1772,187.5,353.8,14.3,353.8,0.5664,0.0198,0.593,63.48,2.27
user11,119,swipe_left,22,0.381,109.3,534.5,-258.8,534.5,0.5172,0.0169,0.543,63.94,2.04
user11,120,swipe_up,11,0.1883,173.5,486.7,173.5,311.6,0.5623,0.0201,0.595,43.49,1.53
user11,121,tap,2,0.1546,49.2,253.0,51.4,257.1,0.612,0.2885,0.816,43.6,0.0
user11,122,swipe_down,16,0.267,127.2,579.6,127.2,840.6,0.6335,0.0213,0.665,67.84,2.25
user11,123,swipe_right,9,0.1595,92.5,545.6,249.8,545.6,0.7664,0.0284,0.812,63.73,2.3
user11,124,swipe_right,16,0.2795,112.4,474.8,455.8,474.8,0.6405,0.0213,0.672,57.62,1.91
user11,125,double_tap,4,0.6345,88.1,699.7,89.3,701.6,0.441,0.1697,0.588,43.1,0.0
user11,126,swipe_left,22,0.3786,54.3,467.1,-257.7,467.1,0.6463,0.021,0.679,55.85,1.79
user11,127,long_press,22,2.245,52.9,571.3,51.5,570.9,0.6636,0.0477,0.718,73.8,0.0
user11,128,double_tap,4,0.4844,64.1,195.1,61.2,191.5,0.492,0.1894,0.656,40.5,0.0
user11,129,swipe_up,17,0.2886,108.3,470.8,108.3,186.2,0.7028,0.0236,0.742,74.75,2.48
user11,130,tap,2,0.1076,131.4,499.5,127.4,498.3,0.502,0.2362,0.669,39.0,0.0
user11,131,swipe_down,17,0.2953,154.4,388.1,154.4,715.3,0.5601,0.0188,0.591,55.77,1.83
user11,132,swipe_right,17,0.2869,171.4,596.7,477.1,596.7,0.6514,0.0218,0.688,72.82,2.4
user11,133,double_tap,4,0.4426,122.3,255.5,124.3,248.0,0.5415,0.2084,0.722,57.0,0.0
user11,134,swipe_left,15,0.2516,81.3,464.3,-148.5,464.3,0.6288,0.0214,0.664,52.83,1.75
user11,135,swipe_right,11,0.1976,161.3,480.4,346.2,480.4,0.6205,0.0218,0.656,76.53,2.68
user11,136,tap,2,0.1871,160.3,443.5,161.3,442.7,0.5485,0.2581,0.731,44.8,0.0
user11,137,tap,2,0.129,30.2,311.9,28.7,316.4,0.71,0.3352,0.947,59.2,0.0
user11,138,swipe_up,13,0.2329,156.2,293.9,156.2,70.6,0.8214,0.0285,0.868,71.73,2.43
user11,139,tap,2,0.1724,197.1,230.5,197.1,230.8,0.522,0.2461,0.696,46.7,0.0
user11,140,swipe_up,23,0.3866,52.0,334.8,52.0,-8.0,0.5527,0.0181,0.583,71.5,2.27
user11,141,swipe_up,11,0.1849,54.5,438.0,54.5,255.1,0.6522,0.0231,0.69,74.44,2.6
user11,142,swipe_right,18,0.3144,50.2,213.8,399.8,213.8,0.751,0.0247,0.788,87.49,2.86
user11,143,double_tap,4,0.4374,43.9,176.4,46.7,177.3,0.5565,0.2142,0.742,52.4,0.0
user11,144,double_tap,4,0.4141,108.5,690.6,106.0,693.3,0.481,0.1848,0.641,47.0,0.0
user11,145,swipe_right,10,0.1698,58.9,229.4,238.8,229.4,0.576,0.0203,0.603,71.38,2.56
user11,146,swipe_down,9,0.1565,90.7,583.4,90.7,743.0,0.6558,0.0242,0.694,64.13,2.36
user11,147,pinch_in,19,0.329,143.5,589.9,143.5,288.3,0.5474,0.0182,0.578,35.77,1.16
user11,148,double_tap,4,0.4854,45.0,476.7,42.1,477.0,0.53,0.2044,0.707,59.4,0.0
user11,149,tap,2,0.1262,113.5,444.7,109.3,444.8,0.498,0.2348,0.664,59.0,0.0
user11,150,long_press,18,1.8974,153.2,336.7,154.0,336.6,0.5058,0.027,0.536,62.5,0.0
user11,151,swipe_down,16,0.2688,172.5,583.9,172.5,885.3,0.763,0.0256,0.801,58.36,1.94
user11,152,tap,2,0.1874,33.0,143.3,37.4,141.8,0.4395,0.2072,0.586,36.9,0.0
user11,153,swipe_left,8,0.1369,117.2,243.5,-50.6,243.5,0.6055,0.022,0.633,68.25,2.57
user11,154,swipe_right,24,0.4078,96.1,562.6,460.0,562.6,0.6919,0.0225,0.727,43.97,1.39
user11,155,tap,2,0.2076,70.5,215.9,73.1,213.1,0.57,0.2687,0.76,42.8,0.0
user11,156,pinch_out,16,0.2789,112.6,447.9,112.6,163.6,0.7401,0.0247,0.777,70.75,2.32
user11,157,tap,2,0.12,181.3,313.4,181.3,310.4,0.5655,0.2666,0.754,45.9,0.0
user11,158,pinch_in,9,0.1567,137.6,580.6,137.6,410.8,0.6452,0.0237,0.683,58.99,2.14
user11,159,tap,2,0.2444,185.6,105.8,188.1,102.9,0.546,0.2574,0.728,43.5,0.0
user11,160,swipe_up,22,0.3742,171.2,573.9,171.2,205.5,0.4719,0.0154,0.496,46.37,1.48
user11,161,tap,2,0.1457,180.3,652.5,180.2,650.7,0.483,0.2277,0.644,30.4,0.0
user11,162,pinch_out,9,0.1536,91.3,551.0,91.3,370.9,0.6722,0.0248,0.712,71.14,2.58
user11,163,tap,2,0.2489,132.1,615.9,133.6,616.1,0.538,0.2531,0.717,70.4,0.0
user11,164,double_tap,4,0.4399,75.0,657.1,80.1,653.1,0.486,0.1871,0.648,67.9,0.0
user11,165,pinch_in,12,0.213,163.5,393.1,163.5,146.4,0.601,0.0206,0.63,62.43,2.15
user11,166,tap,2,0.104,144.9,536.1,143.6,535.0,0.6145,0.2892,0.819,58.9,0.0
user11,167,tap,2,0.1675,100.5,114.5,103.4,119.6,0.6075,0.2864,0.81,42.2,0.0
user11,168,swipe_down,21,0.3569,110.8,334.4,110.8,653.1,0.5991,0.0197,0.632,64.19,2.06
user11,169,tap,2,0.2108,94.7,104.4,96.2,104.1,0.5845,0.2751,0.779,33.4,0.0
user11,170,pinch_out,30,0.5069,167.7,437.6,167.7,43.7,0.6113,0.0195,0.642,67.83,2.11
user11,171,swipe_right,14,0.2435,74.4,248.9,330.7,248.9,0.677,0.0228,0.71,81.03,2.73
user11,172,pinch_out,15,0.2528,136.1,253.0,136.1,5.5,0.7962,0.027,0.841,64.09,2.14
user11,173,double_tap,4,0.4991,195.2,200.8,195.0,201.4,0.49,0.1882,0.653,46.2,0.0
user11,174,double_tap,4,0.5515,73.9,656.8,70.2,657.5,0.6045,0.2327,0.806,54.9,0.0
user11,175,swipe_down,28,0.4708,140.2,388.0,140.2,778.9,0.6964,0.0224,0.732,40.26,1.27
user11,176,swipe_left,15,0.2595,116.5,421.0,-115.8,421.0,0.5535,0.0188,0.585,74.21,2.47
user11,177,swipe_right,11,0.1993,99.4,214.9,308.6,214.9,0.5445,0.0196,0.576,54.9,1.94
user11,178,double_tap,4,0.5277,133.0,223.5,132.7,225.6,0.5975,0.2304,0.797,56.7,0.0
user11,179,swipe_down,23,0.3959,107.8,489.7,107.8,844.8,0.6951,0.0227,0.733,67.59,2.15
user11,180,swipe_down,10,0.1712,51.6,303.9,51.6,479.8,0.637,0.0224,0.667,48.64,1.76
user11,181,tap,2,0.0803,41.8,234.0,45.3,235.2,0.56,0.2645,0.747,35.6,0.0
user11,182,swipe_up,16,0.2823,189.7,394.6,189.7,133.0,0.614,0.0205,0.644,54.26,1.8
user11,183,long_press,20,2.0619,150.5,466.2,154.1,464.1,0.6671,0.0418,0.714,59.0,0.0
user11,184,long_press,16,1.6558,61.0,296.2,62.0,298.9,0.6669,0.0269,0.698,59.6,0.0
user11,185,swipe_right,15,0.2546,93.1,589.0,301.3,589.0,0.533,0.0182,0.563,46.3,1.56
user11,186,long_press,16,1.6013,150.9,104.4,149.4,105.1,0.5609,0.0212,0.585,79.0,0.0
user11,187,swipe_right,8,0.1449,156.6,219.1,318.1,219.1,0.4852,0.0176,0.507,72.0,2.69
user11,188,long_press,18,1.8144,103.0,304.9,103.4,305.0,0.741,0.0359,0.782,69.6,0.0
user11,189,swipe_right,10,0.1761,134.4,512.0,303.0,512.0,0.708,0.0247,0.741,53.7,1.91
user11,190,swipe_left,23,0.3859,105.5,347.1,-228.3,347.1,0.5283,0.017,0.557,42.4,1.33
user11,191,tap,2,0.151,141.1,226.4,141.4,225.0,0.5425,0.2553,0.723,44.8,0.0
user11,192,pinch_out,10,0.1701,49.4,326.2,49.4,153.5,0.56,0.0194,0.586,72.58,2.6
user11,193,swipe_right,22,0.3682,152.9,413.2,523.8,413.2,0.6258,0.0203,0.657,65.03,2.08
user11,194,swipe_right,18,0.3007,51.4,443.6,353.2,443.6,0.6028,0.0199,0.633,62.56,2.04
user11,195,swipe_left,21,0.3538,186.5,434.0,-158.4,434.0,0.6903,0.0226,0.728,72.84,2.33
user11,196,double_tap,4,0.5009,73.8,286.1,66.8,284.6,0.5175,0.1992,0.69,48.1,0.0
user11,197,swipe_down,16,0.2726,149.7,277.6,149.7,555.1,0.586,0.0196,0.615,81.15,2.68
user11,198,swipe_right,23,0.3904,197.0,525.2,572.9,525.2,0.7203,0.0234,0.76,36.73,1.18
user11,199,swipe_up,12,0.2031,183.5,575.9,183.5,385.1,0.494,0.017,0.518,64.02,2.22
user12,0,swipe_left,12,0.2097,110.9,386.8,-162.2,386.8,0.4725,0.0161,0.495,44.57,1.56
user12,1,tap,2,0.1337,35.3,511.8,36.6,511.9,0.563,0.2659,0.751,26.8,0.0
user12,2,pinch_out,13,0.2179,56.6,315.0,56.6,83.0,0.4125,0.0143,0.436,31.35,1.08
user12,3,swipe_right,24,0.4087,175.5,399.3,566.7,399.3,0.6108,0.0198,0.642,34.68,1.1
user12,4,tap,2,0.2076,76.9,216.0,79.8,217.2,0.4405,0.2072,0.587,32.6,0.0
user12,5,double_tap,4,0.7313,37.4,581.5,36.2,578.3,0.327,0.1259,0.436,37.5,0.0
user12,6,pinch_in,11,0.194,38.5,278.6,38.5,76.0,0.4351,0.0155,0.46,51.63,1.83
user12,7,pinch_out,10,0.1782,76.3,267.1,76.3,86.0,0.4554,0.016,0.477,39.74,1.42
user12,8,long_press,16,1.6408,112.6,477.3,116.5,477.1,0.5959,0.0236,0.623,10.0,0.0
user12,9,swipe_up,10,0.1728,96.7,529.0,96.7,327.5,0.509,0.0179,0.533,42.3,1.53
user12,10,pinch_in,15,0.2654,89.0,493.4,89.0,266.0,0.5385,0.0184,0.569,18.55,0.62
user12,11,swipe_down,16,0.2684,114.6,410.7,114.6,734.7,0.5832,0.0196,0.612,44.58,1.48
user12,12,tap,2,0.1609,100.9,696.9,102.3,696.3,0.4895,0.2312,0.653,12.7,0.0
user12,13,swipe_left,17,0.2921,150.6,259.1,-188.3,259.1,0.5166,0.0173,0.545,52.32,1.71
user12,14,tap,2,0.1721,75.7,396.7,74.1,394.5,0.512,0.2418,0.683,57.3,0.0
user12,15,swipe_right,10,0.1686,54.0,358.6,220.8,358.6,0.58,0.0203,0.607,39.66,1.43
user12,16,double_tap,4,0.6496,106.1,524.2,103.0,521.7,0.5275,0.2026,0.703,21.3,0.0
user12,17,tap,2,0.0805,122.2,559.8,123.7,558.5,0.3995,0.1888,0.533,10.0,0.0
user12,18,swipe_down,15,0.2616,192.5,292.6,192.5,564.0,0.5687,0.0193,0.601,56.08,1.86
user12,19,pinch_out,15,0.2661,89.1,412.2,89.1,109.9,0.6025,0.0204,0.637,45.17,1.52
user12,20,tap,2,0.128,153.5,497.0,151.0,499.0,0.4305,0.2029,0.574,26.7,0.0
user12,21,swipe_left,13,0.2325,32.3,560.2,-214.3,560.2,0.4625,0.0161,0.489,61.18,2.09
user12,22,pinch_in,16,0.2812,174.1,204.5,174.1,-105.8,0.4521,0.015,0.474,17.54,0.57
user12,23,swipe_down,10,0.1743,137.9,262.5,137.9,460.0,0.5874,0.0204,0.615,14.9,0.53
user12,24,tap,2,0.2211,198.5,634.6,200.2,634.3,0.472,0.222,0.629,41.1,0.0
user12,25,swipe_down,21,0.3593,102.0,419.0,102.0,816.9,0.4817,0.0157,0.508,33.19,1.06
user12,26,swipe_down,16,0.2689,133.3,491.1,133.3,761.6,0.4668,0.0156,0.49,31.99,1.06
user12,27,swipe_left,18,0.3142,104.0,593.0,-258.3,593.0,0.7163,0.0235,0.752,31.74,1.02
user12,28,double_tap,4,0.5683,181.1,541.3,177.3,544.8,0.3985,0.153,0.531,50.3,0.0
user12,29,double_tap,4,0.6169,172.0,630.2,171.0,627.2,0.475,0.1824,0.633,10.0,0.0
user12,30,tap,2,0.1923,199.7,410.5,197.2,409.6,0.406,0.1909,0.541,23.6,0.0
user12,31,pinch_out,10,0.1758,101.2,532.8,101.2,360.1,0.4764,0.0168,0.499,30.46,1.1
user12,32,swipe_left,8,0.1399,158.3,503.0,-6.8,503.0,0.5462,0.02,0.571,39.52,1.47
user12,33,swipe_down,10,0.1752,32.5,464.2,32.5,614.2,0.5282,0.0186,0.553,56.84,2.04
user12,34,swipe_up,18,0.3075,54.6,421.8,54.6,102.2,0.6311,0.0208,0.662,32.22,1.04
user12,35,swipe_down,8,0.1341,136.7,436.9,136.7,593.6,0.5415,0.0196,0.566,18.68,0.69
user12,36,swipe_up,16,0.2789,93.2,556.3,93.2,253.2,0.5166,0.0173,0.542,12.41,0.4
user12,37,pinch_in,14,0.2334,63.0,236.5,63.0,4.1,0.5459,0.0185,0.572,55.84,1.9
user12,38,swipe_right,13,0.2309,72.6,472.9,319.1,472.9,0.4808,0.0167,0.508,30.67,1.05
user12,39,tap,2,0.149,121.2,429.4,120.4,426.9,0.4805,0.227,0.641,10.0,0.0
user12,40,swipe_left,20,0.3488,141.0,459.4,-246.4,459.4,0.4971,0.0164,0.522,10.6,0.34
user12,41,long_press,18,1.8684,166.3,671.6,165.2,668.8,0.5857,0.0303,0.62,16.2,0.0
user12,42,swipe_left,10,0.1818,124.8,365.0,-67.5,365.0,0.438,0.0155,0.459,56.58,2.03
user12,43,swipe_up,8,0.1492,168.8,289.0,168.8,109.3,0.5785,0.021,0.605,20.3,0.78
user12,44,tap,2,0.1539,139.9,459.8,136.8,459.0,0.3735,0.1761,0.498,24.6,0.0
user12,45,double_tap,4,0.6331,178.4,268.8,177.3,267.7,0.457,0.1755,0.609,22.3,0.0
user12,46,swipe_down,12,0.2145,147.3,388.6,147.3,620.8,0.5508,0.0189,0.577,10.58,0.37
user12,47,swipe_left,8,0.1496,104.2,340.1,-67.4,340.1,0.5235,0.0186,0.547,42.58,1.58
user12,48,swipe_down,15,0.2549,150.5,276.8,150.5,567.5,0.4669,0.0158,0.493,56.76,1.89
user12,49,double_tap,4,0.7029,137.6,460.0,139.3,460.9,0.444,0.1709,0.592,15.0,0.0
user12,50,swipe_down,11,0.1874,133.6,568.5,133.6,780.7,0.5673,0.0201,0.6,51.59,1.8
user12,51,swipe_down,17,0.2856,106.9,444.2,106.9,799.7,0.5485,0.0183,0.579,67.15,2.19
user12,52,swipe_down,9,0.1531,106.0,329.3,106.0,482.7,0.6181,0.023,0.655,46.47,1.7
user12,53,long_press,20,2.0129,86.9,316.8,84.2,316.7,0.5343,0.032,0.57,10.0,0.0
user12,54,pinch_out,15,0.2649,189.0,356.9,189.0,88.3,0.4863,0.0165,0.514,44.88,1.49
user12,55,swipe_right,18,0.3022,70.8,519.0,414.4,519.0,0.5174,0.017,0.543,49.12,1.62
user12,56,swipe_left,19,0.3244,125.6,440.2,-168.0,440.2,0.6329,0.021,0.668,51.91,1.69
user12,57,swipe_up,10,0.1723,33.9,300.5,33.9,120.2,0.6988,0.0246,0.732,52.74,1.9
user12,58,swipe_up,22,0.3724,50.1,440.7,50.1,44.6,0.6108,0.0199,0.642,18.68,0.6
user12,59,swipe_left,15,0.2507,59.1,381.0,-170.7,381.0,0.603,0.0207,0.637,50.02,1.66
user12,60,swipe_left,10,0.1817,87.6,441.4,-117.2,441.4,0.522,0.0185,0.547,52.32,1.88
user12,61,swipe_down,26,0.4352,118.5,526.6,118.5,889.5,0.5868,0.0188,0.616,33.17,1.04
user12,62,swipe_down,21,0.3508,99.5,572.9,99.5,948.6,0.625,0.0205,0.66,41.1,1.3
user12,63,swipe_down,23,0.3836,96.4,452.7,96.4,839.5,0.4975,0.0163,0.525,56.97,1.81
user12,64,swipe_down,15,0.2653,103.2,401.3,103.2,740.8,0.43,0.0146,0.454,19.27,0.64
user12,65,swipe_right,8,0.1441,83.5,530.0,253.3,530.0,0.4995,0.0179,0.522,30.25,1.14
user12,66,swipe_left,17,0.2976,60.6,369.9,-278.0,369.9,0.4373,0.0146,0.462,33.49,1.1
user12,67,long_press,14,1.4162,197.2,143.4,196.1,144.5,0.6074,0.02,0.63,24.0,0.0
user12,68,swipe_right,16,0.2831,73.6,300.5,377.6,300.5,0.4915,0.0166,0.516,49.14,1.63
user12,69,long_press,17,1.7582,106.2,329.4,105.0,327.5,0.3414,0.0155,0.359,29.5,0.0
user12,70,double_tap,4,0.6205,195.1,514.2,193.9,507.2,0.523,0.2009,0.697,24.2,0.0
user12,71,swipe_up,9,0.1611,146.6,352.6,146.6,170.7,0.6193,0.0228,0.656,40.47,1.5
user12,72,long_press,20,2.0646,190.1,333.1,190.0,333.2,0.4865,0.0305,0.521,56.4,0.0
user12,73,swipe_right,11,0.1903,33.7,474.8,231.8,474.8,0.5719,0.0206,0.605,45.76,1.6
user12,74,swipe_right,14,0.2345,163.1,365.8,438.3,365.8,0.5656,0.0191,0.593,56.64,1.9
user12,75,double_tap,4,0.6858,35.3,634.5,36.7,633.0,0.46,0.1767,0.613,17.3,0.0
user12,76,pinch_in,10,0.1674,169.4,560.6,169.4,384.0,0.622,0.0218,0.651,20.62,0.73
user12,77,pinch_in,12,0.2097,101.4,567.4,101.4,327.5,0.4777,0.0163,0.501,36.0,1.25
user12,78,pinch_out,11,0.1889,155.4,531.7,155.4,355.5,0.582,0.0207,0.616,35.98,1.27
user12,79,tap,2,0.1518,54.3,278.6,53.1,277.0,0.5605,0.2638,0.747,38.5,0.0
user12,80,tap,2,0.1958,151.4,131.9,150.4,133.1,0.4795,0.2256,0.639,33.8,0.0
user12,81,long_press,18,1.8849,44.6,343.0,45.7,339.8,0.5634,0.0297,0.597,31.3,0.0
user12,82,tap,2,0.1459,141.9,523.0,140.9,523.2,0.504,0.2376,0.672,46.9,0.0
user12,83,long_press,18,1.8844,37.5,199.9,40.7,202.5,0.4143,0.0219,0.439,29.5,0.0
user12,84,double_tap,4,0.7168,114.8,567.8,112.7,564.5,0.452,0.1744,0.603,32.4,0.0
user12,85,tap,2,0.0913,162.4,556.6,164.6,556.3,0.5655,0.2666,0.754,42.6,0.0
user12,86,pinch_in,13,0.2294,125.9,462.7,125.9,229.9,0.5206,0.0181,0.55,30.42,1.04
user12,87,tap,2,0.1157,189.4,491.2,191.6,491.5,0.405,0.1909,0.54,31.5,0.0
user12,88,swipe_left,8,0.1427,36.9,425.4,-143.6,425.4,0.4265,0.0155,0.446,62.78,2.37
user12,89,swipe_left,17,0.2838,82.5,481.2,-230.2,481.2,0.467,0.0157,0.493,43.32,1.42
user12,90,swipe_up,11,0.1967,48.6,597.5,48.6,406.1,0.56,0.0198,0.592,32.69,1.15
user12,91,long_press,17,1.7738,170.0,696.6,169.0,698.4,0.4144,0.0192,0.436,48.8,0.0
user12,92,tap,2,0.1364,160.1,455.5,160.5,458.0,0.5035,0.2369,0.671,34.3,0.0
user12,93,swipe_right,16,0.2685,170.5,219.5,469.7,219.5,0.571,0.0189,0.599,17.54,0.57
user12,94,tap,2,0.1688,132.4,490.0,129.7,487.7,0.414,0.1952,0.552,32.3,0.0
user12,95,tap,2,0.1482,120.8,256.4,124.6,254.3,0.518,0.2447,0.691,39.9,0.0
user12,96,swipe_up,15,0.2529,58.9,298.6,58.9,40.9,0.635,0.0216,0.671,47.63,1.56
user12,97,swipe_left,22,0.3705,96.8,545.2,-274.3,545.2,0.403,0.0129,0.423,50.45,1.6
user12,98,long_press,18,1.8648,179.2,442.0,179.1,441.2,0.6017,0.0311,0.637,62.4,0.0
user12,99,swipe_down,11,0.1839,52.3,362.4,52.3,594.8,0.5457,0.0195,0.577,43.24,1.53
user12,100,swipe_down,18,0.3051,130.6,479.9,130.6,793.4,0.4527,0.015,0.475,26.0,0.86
user12,101,double_tap,4,0.6186,150.1,678.9,151.4,678.4,0.513,0.1975,0.684,39.2,0.0
user12,102,long_press,14,1.4031,153.9,327.9,153.5,325.6,0.5566,0.0182,0.576,31.3,0.0
user12,103,pinch_out,9,0.1608,153.3,501.7,153.3,342.5,0.4861,0.0181,0.515,65.89,2.41
user12,104,swipe_right,13,0.2217,132.4,220.9,381.5,220.9,0.5607,0.0196,0.593,39.15,1.35
user12,105,swipe_up,13,0.2309,108.8,485.3,108.8,243.0,0.4418,0.0153,0.467,10.6,0.37
user12,106,tap,2,0.2236,81.6,312.2,82.5,315.6,0.4135,0.1945,0.551,24.9,0.0
user12,107,long_press,21,2.1203,103.3,394.5,104.0,393.5,0.4464,0.0294,0.48,44.1,0.0
user12,108,swipe_right,17,0.2999,189.1,464.6,535.6,464.6,0.6989,0.0235,0.738,55.22,1.82
user12,109,tap,2,0.0826,171.7,258.2,170.5,256.2,0.5385,0.2539,0.718,44.5,0.0
user12,110,swipe_right,17,0.2854,137.9,582.9,450.9,582.9,0.6912,0.0232,0.73,10.6,0.34
user12,111,pinch_in,17,0.2883,165.8,417.3,165.8,46.7,0.6136,0.0208,0.648,10.6,0.34
user12,112,pinch_out,10,0.1776,143.0,322.2,143.0,105.4,0.5154,0.0183,0.54,21.12,0.73
user12,113,long_press,14,1.4054,199.9,562.1,199.1,564.5,0.3387,0.0111,0.351,49.9,0.0
user12,114,tap,2,0.1693,31.9,467.6,34.8,467.2,0.4535,0.2143,0.605,49.4,0.0
user12,115,swipe_down,14,0.2438,194.1,286.6,194.1,561.5,0.619,0.0208,0.649,39.57,1.32
user12,116,tap,2,0.1489,53.5,126.1,52.7,124.5,0.343,0.1612,0.457,22.1,0.0
user12,117,swipe_right,9,0.1596,30.0,559.7,200.4,559.7,0.5886,0.0218,0.623,12.59,0.46
user12,118,pinch_out,14,0.237,199.9,255.4,199.9,-0.6,0.5633,0.0191,0.591,22.23,0.74
user12,119,long_press,14,1.4587,37.0,512.4,37.1,514.3,0.5429,0.0183,0.564,32.4,0.0
user12,120,pinch_out,22,0.3763,189.5,561.2,189.5,183.7,0.5862,0.0192,0.616,36.15,1.15
user12,121,pinch_in,9,0.1631,164.9,395.3,164.9,209.8,0.612,0.0228,0.648,18.24,0.67
user12,122,pinch_in,17,0.2975,79.4,400.0,79.4,46.0,0.6412,0.0216,0.677,21.61,0.71
user12,123,swipe_down,17,0.2995,37.1,394.1,37.1,743.2,0.5472,0.0184,0.578,43.22,1.42
user12,124,tap,2,0.1719,62.0,392.2,60.1,394.7,0.4285,0.2015,0.571,30.4,0.0
user12,125,swipe_down,10,0.1731,150.3,493.8,150.3,684.9,0.41,0.0143,0.429,41.54,1.48
user12,126,double_tap,4,0.6539,144.4,107.2,146.7,109.2,0.3625,0.1391,0.483,30.1,0.0
user12,127,swipe_down,16,0.2671,66.8,229.9,66.8,476.9,0.5078,0.0169,0.533,35.41,1.18
user12,128,long_press,18,1.8372,94.1,599.2,93.3,600.9,0.5516,0.0275,0.583,64.4,0.0
user12,129,swipe_up,8,0.1439,53.2,471.0,53.2,306.3,0.616,0.0222,0.644,17.17,0.64
user12,130,swipe_left,21,0.351,150.6,407.8,-244.4,407.8,0.5852,0.0192,0.618,49.81,1.6
user12,131,double_tap,4,0.7085,132.2,345.3,130.6,356.2,0.4935,0.1899,0.658,23.7,0.0
user12,132,swipe_right,16,0.274,46.0,321.1,374.8,321.1,0.5099,0.017,0.535,48.59,1.59
user12,133,tap,2,0.1817,62.0,167.1,61.2,165.8,0.5505,0.2595,0.734,43.7,0.0
user12,134,swipe_down,11,0.1879,48.9,216.4,48.9,449.9,0.5981,0.0214,0.633,45.36,1.6
user12,135,tap,2,0.2214,164.9,427.6,166.1,429.7,0.555,0.2616,0.74,32.7,0.0
user12,136,swipe_down,13,0.2181,169.3,364.7,169.3,601.7,0.4942,0.0172,0.522,31.1,1.05
user12,137,pinch_out,12,0.216,169.3,351.1,169.3,112.9,0.3483,0.0118,0.365,38.05,1.29
user12,138,swipe_left,15,0.2563,181.9,238.4,-70.9,238.4,0.4113,0.0141,0.435,31.04,1.03
user12,139,swipe_right,17,0.2893,192.2,437.2,498.7,437.2,0.5664,0.0189,0.598,23.38,0.76
user12,140,swipe_right,12,0.2147,132.7,581.8,372.6,581.8,0.4517,0.0154,0.473,27.52,0.97
user12,141,pinch_in,17,0.2919,152.3,391.8,152.3,111.0,0.4221,0.0142,0.446,62.81,2.06
user12,142,swipe_up,18,0.3111,125.0,423.3,125.0,95.8,0.4608,0.0152,0.484,17.5,0.58
user12,143,double_tap,4,0.428,70.0,562.1,70.4,557.0,0.49,0.1882,0.653,20.8,0.0
user12,144,tap,2,0.1426,101.4,626.0,98.4,624.0,0.438,0.2065,0.584,28.1,0.0
user12,145,pinch_out,18,0.3014,33.2,554.0,33.2,206.7,0.5692,0.0189,0.598,10.61,0.35
user12,146,swipe_down,20,0.3442,156.0,567.0,156.0,933.1,0.5773,0.019,0.606,50.38,1.62
user12,147,pinch_out,14,0.2494,138.2,493.2,138.2,209.6,0.4969,0.0168,0.521,23.17,0.78
user12,148,swipe_up,20,0.3425,45.9,421.3,45.9,97.4,0.5044,0.0166,0.53,44.61,1.43
user12,149,swipe_left,18,0.3042,172.4,381.0,-164.6,381.0,0.6746,0.0223,0.708,44.79,1.45
user12,150,swipe_left,18,0.3047,78.1,460.9,-233.9,460.9,0.4988,0.0165,0.524,31.84,1.02
user12,151,swipe_up,18,0.306,84.2,367.2,84.2,39.0,0.5854,0.0194,0.615,11.77,0.39
user12,152,swipe_up,12,0.2074,154.7,219.0,154.7,8.7,0.5065,0.0174,0.531,44.03,1.52
user12,153,long_press,16,1.6819,175.5,323.2,173.8,322.0,0.3649,0.0151,0.382,53.3,0.0
user12,154,swipe_right,18,0.3148,96.6,217.3,423.2,217.3,0.5117,0.0169,0.537,48.27,1.58
user12,155,swipe_left,16,0.274,153.0,527.5,-144.0,527.5,0.48,0.0161,0.504,20.02,0.66
user12,156,swipe_left,15,0.2593,34.6,464.9,-227.2,464.9,0.5122,0.0174,0.541,39.47,1.33
user12,157,pinch_out,10,0.1726,152.4,394.2,152.4,197.5,0.507,0.0179,0.531,42.64,1.51
user12,158,double_tap,4,0.6386,123.1,118.2,118.3,116.0,0.5525,0.213,0.737,47.2,0.0
user12,159,long_press,19,1.9697,40.8,268.9,40.5,270.1,0.4495,0.0258,0.479,27.2,0.0
user12,160,pinch_in,19,0.3222,39.6,424.1,39.6,85.3,0.6609,0.0219,0.698,46.38,1.5
user12,161,tap,2,0.1626,130.9,639.4,132.9,640.4,0.5295,0.2496,0.706,35.3,0.0
user12,162,swipe_up,11,0.196,70.2,357.9,70.2,129.2,0.4882,0.0172,0.516,44.7,1.56
user12,163,swipe_left,20,0.3446,160.7,544.9,-194.4,544.9,0.4755,0.0155,0.499,36.44,1.17
user12,164,swipe_right,17,0.2991,39.4,470.4,351.6,470.4,0.4691,0.0157,0.495,51.47,1.69
user12,165,long_press,19,1.93,135.7,193.5,135.0,193.1,0.5666,0.0312,0.602,48.6,0.0
user12,166,swipe_left,16,0.2799,45.7,399.8,-281.3,399.8,0.5278,0.0175,0.554,31.55,1.04
user12,167,double_tap,4,0.5806,40.1,304.0,39.0,302.7,0.436,0.1674,0.581,23.4,0.0
user12,168,swipe_up,17,0.295,136.0,529.1,136.0,195.0,0.396,0.0133,0.418,54.35,1.77
user12,169,tap,2,0.1398,143.8,547.6,145.4,548.5,0.354,0.1669,0.472,23.7,0.0
user12,170,swipe_right,18,0.3103,110.0,274.9,390.4,274.9,0.4438,0.0146,0.466,34.14,1.11
user12,171,long_press,19,1.9827,82.2,584.7,79.6,588.7,0.5641,0.0329,0.601,23.5,0.0
user12,172,long_press,17,1.779,83.7,205.0,81.7,204.9,0.7205,0.0336,0.759,55.4,0.0
user12,173,swipe_left,14,0.2348,199.8,509.6,-71.3,509.6,0.5949,0.0202,0.624,33.13,1.13
user12,174,swipe_up,9,0.1563,111.7,577.8,111.7,422.0,0.6619,0.0244,0.701,55.54,2.05
user12,175,double_tap,4,0.6059,99.7,528.3,95.1,525.5,0.5725,0.22,0.763,15.7,0.0
user12,176,tap,2,0.1863,170.2,156.5,170.5,154.5,0.5475,0.2581,0.73,14.0,0.0
user12,177,swipe_down,21,0.3572,74.1,536.7,74.1,925.0,0.4688,0.0156,0.495,59.75,1.93
user12,178,tap,2,0.1354,159.3,414.9,160.6,412.4,0.5095,0.2397,0.679,24.9,0.0
user12,179,swipe_left,19,0.3298,182.2,536.2,-137.5,536.2,0.5897,0.0195,0.622,32.3,1.04
user12,180,swipe_up,15,0.259,50.7,262.4,50.7,-23.6,0.5753,0.0195,0.608,31.57,1.05
user12,181,swipe_left,17,0.2977,120.9,354.8,-212.7,354.8,0.4294,0.0144,0.453,22.35,0.73
user12,182,swipe_up,9,0.1504,99.0,292.9,99.0,135.3,0.4573,0.0167,0.484,66.02,2.43
user12,183,long_press,15,1.5116,84.5,508.9,84.9,508.5,0.5575,0.0194,0.579,43.3,0.0
user12,184,swipe_down,13,0.2189,70.3,255.1,70.3,530.0,0.5647,0.0196,0.597,28.92,1.01
user12,185,long_press,19,1.9097,77.6,264.6,75.7,264.9,0.5194,0.028,0.551,37.9,0.0
user12,186,swipe_right,16,0.2806,132.8,435.4,440.4,435.4,0.46,0.0154,0.483,25.14,0.85
user12,187,swipe_down,10,0.1749,86.1,514.4,86.1,687.9,0.4872,0.0171,0.51,10.56,0.39
user12,188,pinch_out,7,0.1305,92.6,546.1,92.6,377.6,0.5617,0.0223,0.596,30.66,1.19
user12,189,swipe_right,9,0.1589,198.2,381.1,379.6,381.1,0.7128,0.0265,0.755,32.44,1.2
user12,190,swipe_down,10,0.1819,87.0,382.0,87.0,573.6,0.5468,0.0191,0.572,11.04,0.42
user12,191,swipe_left,18,0.3157,79.5,478.6,-281.6,478.6,0.484,0.0159,0.508,31.4,1.05
user12,192,swipe_left,11,0.1992,63.2,455.9,-110.4,455.9,0.6021,0.0214,0.637,20.4,0.71
user12,193,tap,2,0.132,117.3,168.3,114.9,166.5,0.427,0.2008,0.569,55.6,0.0
user12,194,pinch_out,16,0.2769,169.9,329.0,169.9,29.8,0.4855,0.0162,0.509,41.06,1.35
user12,195,swipe_left,9,0.1589,73.1,353.1,-113.1,353.1,0.615,0.0228,0.651,13.72,0.5
user12,196,swipe_left,19,0.3217,86.5,293.4,-271.6,293.4,0.6141,0.0204,0.648,44.27,1.43
user12,197,pinch_in,17,0.2843,33.1,438.0,33.1,140.9,0.5361,0.0181,0.566,51.47,1.69
user12,198,swipe_right,11,0.1844,145.1,406.8,357.2,406.8,0.5057,0.0181,0.535,59.4,2.07
user12,199,tap,2,0.1243,155.3,684.3,154.5,681.6,0.4335,0.2044,0.578,25.4,0.0
user13,0,swipe_left,23,0.3999,280.8,413.1,79.9,413.1,0.6019,0.0195,0.635,46.46,1.48
user13,1,long_press,14,1.439,191.6,249.6,190.5,249.1,0.5509,0.0183,0.571,41.8,0.0
user13,2,pinch_out,37,0.6252,208.9,321.0,208.9,64.9,0.708,0.0224,0.746,30.46,0.94
user13,3,swipe_left,23,0.3864,209.4,260.0,-13.4,260.0,0.53,0.0174,0.559,44.81,1.41
user13,4,tap,2,0.0307,315.2,318.1,317.8,319.6,0.4005,0.1888,0.534,32.2,0.0
user13,5,swipe_left,72,1.2077,201.4,370.4,-171.0,370.4,0.673,0.0209,0.708,40.45,1.21
user13,6,tap,2,0.0409,343.1,162.0,345.6,162.8,0.5275,0.2482,0.703,15.0,0.0
user13,7,long_press,17,1.7682,283.9,483.3,287.3,484.6,0.5636,0.0259,0.593,50.0,0.0
user13,8,tap,2,0.061,172.5,335.4,170.2,336.0,0.523,0.2461,0.697,28.6,0.0
user13,9,swipe_up,14,0.2392,190.5,267.8,190.5,95.2,0.5906,0.0199,0.619,43.99,1.5
user13,10,long_press,15,1.5129,248.3,332.0,250.1,334.0,0.5589,0.0194,0.581,44.0,0.0
user13,11,long_press,15,1.5924,257.1,210.1,259.4,207.6,0.5959,0.0224,0.622,35.1,0.0
user13,12,double_tap,4,0.325,216.0,598.4,217.2,597.6,0.47,0.1813,0.627,24.4,0.0
user13,13,long_press,17,1.7153,342.4,244.1,344.7,245.1,0.5249,0.0225,0.551,49.1,0.0
user13,14,swipe_up,19,0.3227,333.6,514.3,333.6,309.4,0.7292,0.0242,0.77,62.92,2.04
user13,15,long_press,15,1.5032,171.5,473.4,174.7,471.2,0.6445,0.0223,0.67,48.7,0.0
user13,16,swipe_down,25,0.431,193.9,491.6,193.9,730.4,0.6139,0.0199,0.648,54.78,1.73
user13,17,tap,2,0.0471,174.4,523.4,174.2,526.1,0.5305,0.2496,0.707,20.7,0.0
user13,18,tap,2,0.0492,293.4,317.2,292.5,314.5,0.5695,0.268,0.759,29.7,0.0
user13,19,tap,2,0.0633,315.6,215.3,320.4,215.5,0.444,0.2093,0.592,18.2,0.0
user13,20,pinch_in,34,0.5715,349.5,362.4,349.5,159.3,0.6886,0.0219,0.724,30.85,0.95
user13,21,tap,2,0.0418,198.9,396.5,197.6,397.7,0.528,0.2489,0.704,10.5,0.0
user13,22,pinch_in,22,0.3728,216.5,422.8,216.5,261.2,0.6506,0.0212,0.683,42.53,1.35
user13,23,pinch_in,52,0.8733,171.9,302.7,171.9,-56.7,0.5526,0.0173,0.581,43.11,1.3
user13,24,tap,2,0.057,195.5,623.1,197.6,618.4,0.534,0.2517,0.712,43.0,0.0
user13,25,swipe_down,28,0.4741,268.8,567.8,268.8,807.1,0.6415,0.0205,0.674,49.39,1.55
user13,26,double_tap,4,0.2607,279.7,502.3,279.1,504.7,0.4295,0.1657,0.573,41.9,0.0
user13,27,tap,2,0.0441,328.5,696.3,330.4,693.5,0.518,0.2447,0.691,39.2,0.0
user13,28,swipe_right,23,0.389,196.8,431.0,437.1,431.0,0.6256,0.0204,0.66,45.98,1.46
user13,29,tap,2,0.0464,262.9,654.4,265.5,654.4,0.4875,0.2298,0.65,33.8,0.0
user13,30,tap,2,0.0679,159.0,275.0,156.6,276.1,0.426,0.2008,0.568,37.0,0.0
user13,31,long_press,15,1.559,283.5,380.1,281.3,385.2,0.5653,0.0207,0.589,52.1,0.0
user13,32,pinch_in,31,0.5174,152.8,564.8,152.8,346.0,0.6042,0.0194,0.637,53.05,1.65
user13,33,pinch_in,36,0.6083,233.2,471.4,233.2,184.2,0.4753,0.0151,0.5,55.07,1.69
user13,34,swipe_left,26,0.4464,288.8,201.2,1.6,201.2,0.4895,0.0157,0.514,53.52,1.69
user13,35,swipe_right,31,0.5204,316.6,486.9,586.4,486.9,0.4349,0.0138,0.459,50.97,1.59
user13,36,swipe_right,31,0.5183,319.7,353.6,585.1,353.6,0.566,0.0182,0.597,45.21,1.41
user13,37,swipe_left,43,0.7307,271.2,418.8,-78.5,418.8,0.5652,0.0178,0.596,38.7,1.18
user13,38,double_tap,4,0.2715,304.3,399.5,296.4,402.6,0.6195,0.2384,0.826,41.3,0.0
user13,39,tap,2,0.0592,246.0,442.9,249.2,444.5,0.44,0.2079,0.587,19.8,0.0
user13,40,swipe_right,35,0.5872,167.6,488.2,493.6,488.2,0.6797,0.0216,0.717,40.58,1.25
user13,41,double_tap,4,0.4185,333.2,309.4,335.9,308.5,0.4745,0.183,0.633,54.6,0.0
user13,42,swipe_down,39,0.6564,170.7,248.6,170.7,574.1,0.6078,0.0192,0.641,48.95,1.5
user13,43,tap,2,0.074,200.1,587.9,200.7,592.1,0.438,0.2065,0.584,31.3,0.0
user13,44,swipe_right,34,0.58,188.1,431.2,471.5,431.2,0.7223,0.023,0.759,40.53,1.26
user13,45,swipe_down,24,0.4011,297.6,494.4,297.6,713.5,0.5318,0.0172,0.559,37.21,1.18
user13,46,pinch_in,29,0.4873,235.5,490.7,235.5,287.8,0.4955,0.016,0.523,60.61,1.9
user13,47,swipe_right,30,0.5055,189.8,364.1,472.8,364.1,0.7214,0.023,0.758,57.08,1.77
user13,48,long_press,11,1.1913,281.7,354.0,280.7,359.1,0.7469,0.0254,0.771,39.8,0.0
user13,49,swipe_up,44,0.7369,297.1,584.7,297.1,341.1,0.6618,0.0208,0.696,46.68,1.42
user13,50,tap,2,0.0456,320.2,300.4,319.4,296.4,0.441,0.2079,0.588,32.3,0.0
user13,51,long_press,17,1.7163,337.4,355.8,338.0,356.9,0.4772,0.0207,0.501,45.6,0.0
user13,52,swipe_right,27,0.4617,325.6,363.9,580.2,363.9,0.7301,0.0234,0.77,51.33,1.61
user13,53,tap,2,0.0523,153.8,398.0,152.1,399.5,0.5205,0.2454,0.694,34.5,0.0
user13,54,swipe_left,27,0.4649,307.2,329.5,-9.7,329.5,0.52,0.0167,0.548,45.74,1.44
user13,55,swipe_left,13,0.2217,229.8,252.0,60.8,252.0,0.4602,0.0159,0.487,42.31,1.43
user13,56,tap,2,0.0633,187.8,135.9,187.7,133.8,0.5325,0.251,0.71,36.9,0.0
user13,57,tap,2,0.0681,278.3,186.7,277.9,184.9,0.429,0.2022,0.572,51.7,0.0
user13,58,pinch_in,46,0.7688,291.3,473.4,291.3,123.3,0.5239,0.0165,0.551,38.91,1.18
user13,59,swipe_down,24,0.4049,287.8,200.1,287.8,365.1,0.5475,0.0176,0.575,30.59,0.99
user13,60,swipe_right,24,0.416,285.2,254.1,510.1,254.1,0.5658,0.0183,0.594,45.97,1.47
user13,61,swipe_up,59,0.984,220.2,415.0,220.2,77.7,0.5641,0.0176,0.594,46.37,1.39
user13,62,swipe_up,27,0.4606,341.4,429.6,341.4,239.9,0.723,0.0234,0.762,34.94,1.1
user13,63,tap,2,0.0581,229.2,387.6,227.8,386.1,0.4985,0.2355,0.665,23.4,0.0
user13,64,pinch_in,28,0.4682,159.1,452.9,159.1,209.5,0.4621,0.0148,0.486,57.37,1.79
user13,65,pinch_in,28,0.4721,248.6,515.1,248.6,241.4,0.5014,0.016,0.527,41.96,1.31
user13,66,swipe_right,21,0.3548,174.9,505.9,389.4,505.9,0.5746,0.0187,0.606,45.78,1.47
user13,67,tap,2,0.0576,279.2,470.0,276.9,469.0,0.4465,0.21,0.595,28.0,0.0
user13,68,tap,2,0.058,261.4,138.7,259.5,142.3,0.561,0.2645,0.748,46.8,0.0
user13,69,swipe_up,35,0.5991,222.2,397.1,222.2,157.3,0.5929,0.0188,0.625,34.55,1.08
user13,70,tap,2,0.0587,197.7,481.2,202.1,481.4,0.4575,0.2157,0.61,32.6,0.0
user13,71,tap,2,0.049,223.1,485.3,223.2,489.6,0.4935,0.2326,0.658,33.7,0.0
user13,72,double_tap,4,0.3419,172.7,694.3,176.8,689.8,0.504,0.194,0.672,21.5,0.0
user13,73,double_tap,4,0.3565,221.8,214.4,225.0,212.2,0.453,0.1744,0.604,45.2,0.0
user13,74,tap,2,0.0618,266.0,666.2,267.1,662.8,0.5355,0.2524,0.714,47.6,0.0
user13,75,swipe_up,23,0.3956,202.0,451.5,202.0,290.9,0.561,0.0182,0.592,52.2,1.66
user13,76,swipe_right,41,0.6877,278.9,252.1,644.1,252.1,0.5025,0.0158,0.53,40.89,1.24
user13,77,tap,2,0.0308,292.1,661.2,292.0,661.8,0.5025,0.2369,0.67,42.3,0.0
user13,78,pinch_out,15,0.2509,213.2,522.4,213.2,347.6,0.5161,0.0175,0.545,37.72,1.26
user13,79,swipe_right,55,0.9275,163.0,403.9,552.8,403.9,0.564,0.0176,0.594,51.8,1.55
user13,80,pinch_out,59,0.9933,207.1,598.8,207.1,380.3,0.6737,0.021,0.71,76.31,2.29
user13,81,swipe_right,17,0.2932,207.3,526.0,358.1,526.0,0.5572,0.0187,0.588,66.82,2.2
user13,82,swipe_left,24,0.4165,196.9,416.4,-87.6,416.4,0.6209,0.0201,0.652,50.55,1.59
user13,83,pinch_in,30,0.5009,266.4,327.4,266.4,81.6,0.5296,0.017,0.557,40.45,1.27
user13,84,swipe_right,42,0.7107,303.7,331.7,684.8,331.7,0.7035,0.0222,0.74,39.84,1.21
user13,85,pinch_out,16,0.2726,285.7,440.7,285.7,248.9,0.462,0.0154,0.485,38.81,1.3
user13,86,pinch_in,39,0.6584,286.7,245.1,286.7,-22.0,0.4953,0.0157,0.522,61.63,1.88
user13,87,swipe_down,19,0.3189,284.8,259.5,284.8,415.6,0.5495,0.0183,0.58,51.67,1.68
user13,88,long_press,14,1.4107,151.2,307.5,147.0,306.0,0.5094,0.0168,0.528,57.4,0.0
user13,89,swipe_right,20,0.3496,300.8,405.1,522.3,405.1,0.6108,0.02,0.641,48.89,1.57
user13,90,long_press,14,1.4966,268.1,448.7,268.5,448.6,0.6222,0.0216,0.647,53.5,0.0
user13,91,tap,2,0.0613,175.0,687.1,176.9,684.8,0.5715,0.2694,0.762,34.6,0.0
user13,92,long_press,12,1.2429,340.1,640.4,340.1,640.4,0.6493,0.0217,0.671,42.6,0.0
user13,93,swipe_down,49,0.8306,221.1,229.7,221.1,593.9,0.6034,0.019,0.636,40.29,1.22
user13,94,pinch_in,39,0.6514,278.4,499.7,278.4,219.5,0.6999,0.0221,0.738,34.87,1.07
user13,95,tap,2,0.057,276.3,521.8,272.9,523.1,0.424,0.1994,0.565,25.5,0.0
user13,96,swipe_right,77,1.2994,226.7,368.4,576.8,368.4,0.7031,0.0219,0.741,64.68,1.92
user13,97,swipe_left,17,0.298,343.3,313.1,154.8,313.1,0.6195,0.0207,0.654,53.0,1.74
user13,98,swipe_left,28,0.4778,331.8,364.4,-30.7,364.4,0.4873,0.0156,0.512,52.18,1.63
user13,99,swipe_left,40,0.6739,339.2,355.6,29.3,355.6,0.5613,0.0178,0.59,47.41,1.45
user13,100,swipe_right,64,1.0682,163.2,553.5,501.4,553.5,0.5735,0.0178,0.603,42.09,1.26
user13,101,swipe_right,31,0.5242,314.3,313.7,530.3,313.7,0.594,0.019,0.626,56.5,1.75
user13,102,tap,2,0.0467,343.6,652.3,343.2,652.9,0.5295,0.2496,0.706,47.2,0.0
user13,103,long_press,14,1.4351,205.4,305.4,203.5,309.2,0.5846,0.0194,0.606,32.4,0.0
user13,104,pinch_out,34,0.5798,177.8,535.5,177.8,236.4,0.6049,0.0192,0.636,41.63,1.28
user13,105,pinch_out,18,0.3045,175.9,425.6,175.9,263.4,0.4984,0.0164,0.523,35.73,1.18
user13,106,pinch_in,33,0.5643,153.2,219.1,153.2,-68.4,0.6137,0.0197,0.647,53.94,1.67
user13,107,pinch_out,44,0.7336,279.3,240.5,279.3,-26.3,0.4809,0.0152,0.506,51.85,1.58
user13,108,tap,2,0.0634,248.7,504.6,250.8,505.3,0.4515,0.2128,0.602,41.3,0.0
user13,109,pinch_in,60,1.0108,335.8,209.2,335.8,-171.2,0.545,0.0169,0.573,43.02,1.29
user13,110,tap,2,0.0606,304.9,339.1,307.3,341.3,0.5315,0.251,0.709,35.6,0.0
user13,111,pinch_in,17,0.2909,187.2,243.9,187.2,75.2,0.7087,0.0238,0.748,57.51,1.89
user13,112,swipe_right,34,0.5741,341.6,332.3,681.8,332.3,0.7462,0.0237,0.784,47.65,1.47
user13,113,tap,2,0.0641,194.0,469.2,191.0,470.2,0.4605,0.2171,0.614,36.3,0.0
user13,114,swipe_right,38,0.6445,300.8,389.6,675.5,389.6,0.5535,0.0176,0.582,53.42,1.64
user13,115,long_press,14,1.4208,332.8,229.9,329.4,227.5,0.6699,0.0221,0.694,52.9,0.0
user13,116,pinch_in,33,0.5517,241.4,403.1,241.4,186.3,0.6259,0.02,0.66,58.53,1.81
user13,117,swipe_up,24,0.4164,228.7,247.2,228.7,40.7,0.4232,0.0138,0.445,40.72,1.28
user13,118,swipe_left,41,0.6974,164.4,481.4,-82.1,481.4,0.5587,0.0176,0.589,43.36,1.33
user13,119,swipe_left,23,0.3925,170.9,482.2,-12.0,482.2,0.5403,0.0177,0.57,34.49,1.09
user13,120,swipe_right,35,0.5971,345.5,514.3,689.1,514.3,0.6339,0.0203,0.668,67.88,2.1
user13,121,swipe_left,42,0.7014,218.1,562.5,-68.1,562.5,0.5347,0.0168,0.562,61.81,1.88
user13,122,swipe_right,27,0.4506,304.8,297.2,525.0,297.2,0.5569,0.0179,0.587,49.52,1.55
user13,123,tap,2,0.061,330.4,447.0,329.3,444.6,0.566,0.2673,0.755,42.0,0.0
user13,124,swipe_left,40,0.6774,206.5,272.4,-110.4,272.4,0.5158,0.0163,0.542,40.94,1.24
user13,125,tap,2,0.0356,279.7,306.2,280.7,302.2,0.471,0.222,0.628,39.3,0.0
user13,126,long_press,12,1.2556,328.1,546.8,331.2,547.1,0.6075,0.0201,0.628,40.3,0.0
user13,127,swipe_up,21,0.3651,234.9,536.9,234.9,323.2,0.5393,0.0177,0.569,46.37,1.49
user13,128,pinch_out,26,0.4435,174.4,472.1,174.4,261.2,0.4839,0.0154,0.508,32.98,1.03
user13,129,tap,2,0.0568,194.6,332.7,192.5,331.2,0.523,0.2461,0.697,42.1,0.0
user13,130,swipe_right,20,0.343,305.4,263.3,486.2,263.3,0.5555,0.0181,0.583,31.82,1.03
user13,131,swipe_left,24,0.4131,241.9,585.8,37.1,585.8,0.553,0.0181,0.581,55.27,1.74
user13,132,tap,2,0.0443,290.0,595.3,288.9,591.8,0.423,0.1994,0.564,51.3,0.0
user13,133,pinch_in,24,0.4113,340.3,374.4,340.3,117.1,0.5405,0.0176,0.568,35.9,1.14
user13,134,tap,2,0.0458,303.5,385.3,301.6,384.3,0.5535,0.2609,0.738,42.2,0.0
user13,135,tap,2,0.0528,168.1,682.8,167.1,682.9,0.505,0.2376,0.673,35.8,0.0
user13,136,swipe_left,43,0.7223,182.6,506.6,-112.9,506.6,0.6572,0.0207,0.693,34.41,1.05
user13,137,pinch_in,35,0.5925,262.2,225.5,262.2,-97.8,0.5774,0.0184,0.609,60.79,1.88
user13,138,swipe_up,19,0.3326,276.7,590.5,276.7,411.1,0.542,0.0179,0.572,41.51,1.34
user13,139,swipe_down,24,0.4053,262.2,304.2,262.2,554.5,0.5425,0.0176,0.57,29.06,0.92
user13,140,swipe_left,43,0.7287,250.9,250.0,-85.8,250.0,0.547,0.0172,0.576,62.87,1.91
user13,141,tap,2,0.0624,330.5,220.4,328.1,221.1,0.542,0.256,0.723,46.1,0.0
user13,142,swipe_left,21,0.3518,160.0,501.6,-48.9,501.6,0.5611,0.0182,0.592,46.79,1.51
user13,143,swipe_up,24,0.409,166.4,422.0,166.4,235.4,0.3953,0.0128,0.415,53.52,1.69
user13,144,swipe_down,35,0.5913,184.6,339.6,184.6,572.0,0.5123,0.0164,0.54,45.89,1.42
user13,145,double_tap,4,0.3235,165.0,616.3,166.3,615.5,0.53,0.2044,0.707,42.2,0.0
user13,146,pinch_in,40,0.6757,293.8,320.1,293.8,-18.3,0.6312,0.0199,0.664,40.23,1.22
user13,147,swipe_up,69,1.1638,208.7,303.5,208.7,-56.3,0.4976,0.0155,0.524,48.73,1.45
user13,148,swipe_down,16,0.2709,195.4,386.0,195.4,538.2,0.613,0.0205,0.643,32.76,1.09
user13,149,tap,2,0.0541,340.6,192.8,339.5,194.7,0.498,0.2348,0.664,40.8,0.0
user13,150,pinch_in,36,0.6081,216.8,285.0,216.8,-19.6,0.6234,0.0198,0.655,37.92,1.17
user13,151,tap,2,0.0583,242.5,157.5,243.1,155.8,0.3965,0.1874,0.529,31.5,0.0
user13,152,swipe_right,38,0.6376,222.6,276.7,530.5,276.7,0.5352,0.0169,0.563,53.49,1.64
user13,153,pinch_in,34,0.578,254.3,487.2,254.3,113.1,0.6518,0.0207,0.685,52.99,1.63
user13,154,double_tap,4,0.2818,332.0,358.7,336.2,352.9,0.5115,0.1969,0.682,43.3,0.0
user13,155,tap,2,0.0619,157.8,159.2,156.1,162.2,0.4825,0.227,0.643,32.0,0.0
user13,156,swipe_up,40,0.672,320.0,483.1,320.0,115.8,0.4272,0.0135,0.449,46.44,1.42
user13,157,swipe_up,35,0.5912,258.0,220.7,258.0,-96.4,0.6991,0.0223,0.737,48.35,1.49
user13,158,swipe_left,35,0.5987,323.6,583.9,-62.2,583.9,0.5641,0.018,0.595,51.49,1.59
user13,159,pinch_in,40,0.683,247.6,239.5,247.6,-79.9,0.615,0.0194,0.646,51.88,1.59
user13,160,tap,2,0.0746,322.6,465.5,323.8,465.4,0.442,0.2079,0.589,21.7,0.0
user13,161,swipe_down,19,0.3285,207.5,293.5,207.5,529.4,0.5228,0.0173,0.552,31.73,1.02
user13,162,pinch_in,50,0.8458,226.9,242.3,226.9,-133.7,0.457,0.0146,0.481,48.39,1.46
user13,163,swipe_right,28,0.4747,238.7,527.5,450.7,527.5,0.6226,0.0199,0.654,32.76,1.01
user13,164,swipe_left,24,0.4163,315.5,349.8,65.9,349.8,0.5705,0.0184,0.599,59.65,1.87
user13,165,swipe_down,23,0.3911,240.9,532.0,240.9,726.3,0.5878,0.0193,0.62,44.82,1.41
user13,166,swipe_down,37,0.6271,224.5,343.3,224.5,743.0,0.647,0.0205,0.682,41.69,1.28
user13,167,swipe_right,23,0.3947,255.3,302.8,481.9,302.8,0.4746,0.0155,0.501,44.21,1.41
user13,168,swipe_right,17,0.296,337.4,464.0,489.1,464.0,0.5858,0.0197,0.619,51.74,1.7
user13,169,swipe_left,29,0.4924,215.3,300.8,-45.6,300.8,0.6249,0.02,0.659,38.97,1.23
user13,170,tap,2,0.0725,212.3,147.8,208.8,152.2,0.419,0.198,0.559,33.0,0.0
user13,171,pinch_in,28,0.4812,221.1,408.9,221.1,126.4,0.5804,0.0187,0.61,30.1,0.95
user13,172,double_tap,4,0.2907,194.9,495.3,196.6,492.8,0.5035,0.1934,0.671,42.4,0.0
user13,173,swipe_up,36,0.6058,171.3,279.1,171.3,-62.1,0.5451,0.0173,0.573,37.81,1.17
user13,174,double_tap,4,0.296,313.5,604.7,310.6,602.6,0.5575,0.2142,0.743,34.2,0.0
user13,175,long_press,17,1.7854,192.6,656.1,192.8,653.0,0.6239,0.0295,0.658,48.0,0.0
user13,176,swipe_up,34,0.5759,313.3,315.4,313.3,-79.9,0.6941,0.0221,0.73,59.35,1.82
user13,177,swipe_right,28,0.4828,297.0,430.8,487.7,430.8,0.4779,0.0153,0.502,55.04,1.71
user13,178,swipe_down,20,0.3464,300.2,290.4,300.2,465.4,0.6988,0.0229,0.734,48.16,1.54
user13,179,swipe_right,40,0.6801,176.4,389.3,524.3,389.3,0.6322,0.0199,0.665,36.96,1.13
user13,180,pinch_out,27,0.4502,286.6,502.7,286.6,334.8,0.4811,0.0155,0.507,48.08,1.5
user13,181,long_press,13,1.342,318.2,385.8,314.3,385.6,0.7105,0.0232,0.735,49.7,0.0
user13,182,swipe_down,70,1.1756,203.8,400.5,203.8,791.2,0.6023,0.0187,0.634,62.1,1.85
user13,183,swipe_up,46,0.7763,336.3,457.0,336.3,87.7,0.4735,0.0149,0.498,36.51,1.11
user13,184,swipe_left,18,0.3064,200.6,564.7,27.5,564.7,0.5422,0.0178,0.569,58.67,1.92
user13,185,pinch_out,38,0.6372,151.4,398.7,151.4,64.3,0.5716,0.0181,0.601,63.37,1.93
user13,186,long_press,13,1.3784,183.6,351.0,182.8,350.5,0.6011,0.0197,0.622,37.1,0.0
user13,187,long_press,14,1.4102,248.1,447.6,250.9,447.5,0.5441,0.018,0.564,53.6,0.0
user13,188,swipe_right,32,0.5389,229.5,317.4,458.5,317.4,0.583,0.0187,0.613,40.06,1.25
user13,189,swipe_down,64,1.0796,339.6,235.9,339.6,621.8,0.5448,0.017,0.573,41.26,1.24
user13,190,long_press,13,1.3627,284.9,646.2,285.1,648.3,0.6108,0.0199,0.632,43.1,0.0
user13,191,pinch_out,17,0.2862,161.9,450.9,161.9,249.6,0.7124,0.0239,0.752,50.96,1.67
user13,192,tap,2,0.0518,305.9,248.0,306.8,251.0,0.496,0.2333,0.661,41.1,0.0
user13,193,swipe_down,14,0.2362,282.4,238.0,282.4,393.8,0.5431,0.0185,0.57,42.6,1.45
user13,194,tap,2,0.072,194.9,147.3,196.1,149.5,0.5375,0.2539,0.717,36.1,0.0
user13,195,double_tap,4,0.2494,211.5,258.0,212.4,266.3,0.4255,0.1634,0.567,40.1,0.0
user13,196,pinch_in,28,0.4715,195.3,396.7,195.3,204.0,0.569,0.0182,0.598,34.7,1.08
user13,197,tap,2,0.0322,223.7,293.9,224.5,292.4,0.4645,0.2185,0.619,55.8,0.0
user13,198,pinch_in,30,0.5093,158.3,447.7,158.3,237.8,0.5317,0.017,0.559,41.45,1.29
user13,199,swipe_down,39,0.6621,165.7,493.4,165.7,866.5,0.5734,0.0181,0.604,60.92,1.86
user14,0,double_tap,4,0.4819,270.6,529.2,270.3,535.6,0.497,0.1917,0.663,48.6,0.0
user14,1,swipe_right,41,0.693,339.9,461.6,729.3,461.6,0.5292,0.0167,0.558,85.81,2.62
user14,2,swipe_up,22,0.3777,312.1,542.3,312.1,324.4,0.5038,0.0165,0.529,74.88,2.39
user14,3,swipe_right,37,0.6267,332.9,310.5,626.8,310.5,0.5595,0.0177,0.59,67.27,2.06
user14,4,swipe_up,39,0.6573,247.4,200.0,247.4,-172.1,0.4891,0.0155,0.516,61.16,1.87
user14,5,swipe_up,22,0.3745,271.5,414.9,271.5,223.8,0.6543,0.0213,0.687,61.54,1.97
user14,6,swipe_down,32,0.5392,218.5,252.8,218.5,546.6,0.4489,0.0145,0.472,76.11,2.37
user14,7,swipe_left,33,0.5588,251.7,300.8,-124.0,300.8,0.602,0.0194,0.635,60.77,1.88
user14,8,double_tap,4,0.425,248.6,679.3,250.7,677.2,0.504,0.194,0.672,42.2,0.0
user14,9,double_tap,4,0.4619,325.3,574.6,326.2,577.9,0.3165,0.1218,0.422,53.8,0.0
user14,10,double_tap,4,0.6111,260.3,135.7,264.0,135.7,0.564,0.2171,0.752,48.1,0.0
user14,11,double_tap,4,0.4806,309.6,325.6,311.2,327.9,0.472,0.1813,0.629,55.1,0.0
user14,12,swipe_left,22,0.3733,308.5,512.8,136.3,512.8,0.6163,0.02,0.647,72.51,2.3
user14,13,swipe_up,53,0.8859,247.2,333.9,247.2,135.1,0.5389,0.0169,0.568,59.74,1.81
user14,14,tap,2,0.0875,284.7,597.5,284.0,597.8,0.4985,0.2355,0.665,54.6,0.0
user14,15,swipe_up,28,0.4684,189.0,510.2,189.0,294.7,0.5889,0.0189,0.619,64.39,2.0
user14,16,swipe_right,43,0.7172,295.7,344.7,641.8,344.7,0.5724,0.018,0.603,64.84,1.97
user14,17,swipe_down,21,0.3511,174.6,267.9,174.6,501.4,0.6071,0.0199,0.641,68.28,2.17
user14,18,swipe_right,48,0.8014,237.6,404.2,620.7,404.2,0.597,0.0187,0.628,73.58,2.23
user14,19,swipe_right,15,0.2579,199.5,561.3,377.0,561.3,0.5595,0.0191,0.591,70.65,2.35
user14,20,long_press,9,0.9751,166.3,115.5,169.5,114.2,0.4957,0.0185,0.512,61.9,0.0
user14,21,tap,2,0.0864,288.0,238.6,286.4,243.8,0.471,0.222,0.628,53.4,0.0
user14,22,swipe_down,34,0.574,207.0,262.2,207.0,660.4,0.5732,0.0181,0.602,68.88,2.12
user14,23,swipe_left,44,0.7475,342.3,373.1,46.3,373.1,0.5941,0.0187,0.625,57.7,1.76
user14,24,pinch_out,23,0.3868,269.0,350.0,269.0,99.7,0.5077,0.0166,0.536,75.86,2.42
user14,25,swipe_down,22,0.3829,344.6,485.8,344.6,756.0,0.707,0.023,0.743,70.7,2.27
user14,26,pinch_in,56,0.9382,259.5,272.4,259.5,-69.5,0.4572,0.0143,0.481,71.03,2.13
user14,27,pinch_out,23,0.3975,308.8,447.1,308.8,281.1,0.3877,0.0126,0.409,60.4,1.91
user14,28,long_press,9,0.9041,187.1,686.6,187.5,689.6,0.5004,0.019,0.518,73.2,0.0
user14,29,swipe_left,22,0.3785,208.3,563.7,-47.6,563.7,0.6585,0.0215,0.692,69.09,2.21
user14,30,pinch_out,32,0.5345,229.4,562.8,229.4,276.4,0.6148,0.0196,0.646,73.78,2.28
user14,31,double_tap,4,0.4656,169.0,479.0,167.8,478.9,0.462,0.1778,0.616,53.2,0.0
user14,32,swipe_up,24,0.411,279.3,553.7,279.3,334.4,0.5293,0.0171,0.556,61.23,1.94
user14,33,long_press,7,0.7366,281.1,121.8,284.6,119.5,0.5701,0.0222,0.594,66.5,0.0
user14,34,swipe_right,52,0.8703,276.0,514.4,626.0,514.4,0.5622,0.0177,0.591,76.48,2.31
user14,35,long_press,13,1.3973,205.1,623.1,203.2,623.8,0.5769,0.0191,0.598,58.8,0.0
user14,36,double_tap,4,0.4716,270.5,184.6,274.3,187.4,0.4575,0.1761,0.61,55.2,0.0
user14,37,swipe_down,48,0.8162,257.6,218.9,257.6,584.2,0.4988,0.0156,0.524,65.24,1.99
user14,38,swipe_down,25,0.4313,177.4,466.3,177.4,789.5,0.4907,0.0159,0.518,68.58,2.16
user14,39,tap,2,0.0708,260.4,671.5,259.9,667.7,0.288,0.1358,0.384,54.8,0.0
user14,40,tap,2,0.0882,191.2,602.9,194.2,604.7,0.4975,0.2341,0.663,48.4,0.0
user14,41,double_tap,4,0.4649,191.4,609.2,187.7,603.9,0.3835,0.1472,0.511,50.5,0.0
user14,42,swipe_left,16,0.2687,330.0,387.9,120.1,387.9,0.4499,0.015,0.472,76.59,2.54
user14,43,pinch_out,18,0.3166,299.1,230.4,299.1,63.5,0.5974,0.0197,0.627,77.07,2.51
user14,44,swipe_down,20,0.335,265.6,347.3,265.6,514.7,0.4525,0.0147,0.475,70.63,2.27
user14,45,tap,2,0.0981,173.3,545.9,174.1,545.0,0.4575,0.2157,0.61,53.6,0.0
user14,46,swipe_left,20,0.3346,331.1,221.5,160.2,221.5,0.4216,0.0139,0.443,68.42,2.21
user14,47,double_tap,4,0.4668,188.1,290.0,191.4,292.1,0.4955,0.1911,0.661,50.5,0.0
user14,48,swipe_left,29,0.4945,195.7,564.8,-88.0,564.8,0.6179,0.0199,0.652,64.87,2.02
user14,49,swipe_left,49,0.8194,202.6,406.2,-160.2,406.2,0.6182,0.0194,0.651,65.52,1.97
user14,50,swipe_down,33,0.5665,158.5,284.9,158.5,608.2,0.6158,0.0197,0.649,69.85,2.16
user14,51,long_press,15,1.5205,312.6,570.9,310.7,570.1,0.5239,0.0184,0.545,60.5,0.0
user14,52,swipe_up,30,0.5089,151.9,318.4,151.9,49.1,0.4235,0.0136,0.445,69.63,2.16
user14,53,swipe_right,29,0.492,228.8,255.0,503.6,255.0,0.4572,0.0147,0.482,75.28,2.35
user14,54,pinch_in,29,0.4964,168.6,577.6,168.6,241.8,0.4316,0.0138,0.455,68.93,2.15
user14,55,swipe_left,15,0.2646,292.7,358.6,132.7,358.6,0.5129,0.0174,0.542,70.35,2.35
user14,56,swipe_down,62,1.0427,313.1,422.3,313.1,808.2,0.5423,0.0169,0.57,75.02,2.25
user14,57,pinch_in,41,0.6861,249.7,528.9,249.7,333.1,0.5237,0.0165,0.552,78.97,2.41
user14,58,swipe_left,28,0.4732,238.0,585.5,-68.5,585.5,0.4541,0.0146,0.477,74.23,2.31
user14,59,pinch_out,36,0.6164,253.9,301.1,253.9,-98.6,0.6105,0.0193,0.642,63.8,1.95
user14,60,swipe_left,19,0.3234,252.2,208.5,69.8,208.5,0.5833,0.0193,0.616,62.33,2.03
user14,61,long_press,11,1.1183,246.5,186.8,247.5,187.9,0.4209,0.0144,0.434,64.5,0.0
user14,62,swipe_left,36,0.6013,258.0,278.5,-130.1,278.5,0.5031,0.0162,0.529,64.19,1.96
user14,63,pinch_in,22,0.37,254.8,362.4,254.8,163.3,0.5006,0.0166,0.526,65.9,2.1
user14,64,tap,2,0.0858,348.7,319.2,346.4,322.3,0.514,0.2418,0.685,42.4,0.0
user14,65,tap,2,0.0885,280.5,131.7,278.0,131.6,0.447,0.2107,0.596,42.9,0.0
user14,66,long_press,11,1.191,253.9,670.3,251.9,674.4,0.5611,0.0191,0.579,68.8,0.0
user14,67,pinch_in,26,0.4447,283.2,343.3,283.2,188.2,0.4303,0.0138,0.452,60.06,1.89
user14,68,swipe_right,48,0.8106,240.5,311.1,541.5,311.1,0.4281,0.0133,0.45,68.99,2.08
user14,69,pinch_out,19,0.32,183.3,313.1,183.3,62.4,0.5877,0.0195,0.62,68.48,2.23
user14,70,tap,2,0.0815,150.9,612.0,149.0,613.3,0.51,0.2404,0.68,50.7,0.0
user14,71,pinch_in,48,0.8112,290.1,459.0,290.1,141.7,0.446,0.014,0.469,67.91,2.05
user14,72,pinch_in,42,0.7094,295.1,454.4,295.1,192.4,0.5427,0.0171,0.571,63.92,1.96
user14,73,swipe_up,34,0.5735,305.8,548.6,305.8,301.2,0.5126,0.0164,0.539,62.72,1.93
user14,74,tap,2,0.0942,340.7,421.3,340.5,422.1,0.4505,0.2128,0.601,52.5,0.0
user14,75,pinch_out,15,0.2609,305.9,350.9,305.9,199.2,0.4732,0.0162,0.5,66.2,2.21
user14,76,swipe_right,29,0.4922,188.9,536.9,405.7,536.9,0.593,0.019,0.625,63.71,1.99
user14,77,swipe_right,15,0.2592,216.9,553.7,385.2,553.7,0.4331,0.0147,0.458,69.29,2.31
user14,78,long_press,11,1.1864,184.0,153.2,186.3,155.8,0.4755,0.0162,0.491,65.0,0.0
user14,79,swipe_right,54,0.9112,188.1,393.3,569.5,393.3,0.5308,0.0166,0.558,66.42,2.0
user14,80,swipe_down,33,0.5647,177.4,539.4,177.4,931.8,0.5177,0.0165,0.546,76.04,2.35
user14,81,swipe_left,52,0.8685,231.1,332.1,-136.9,332.1,0.4191,0.0132,0.441,73.87,2.23
user14,82,pinch_in,22,0.3815,180.8,444.1,180.8,287.5,0.5543,0.0181,0.582,71.82,2.3
user14,83,double_tap,4,0.4147,296.7,573.6,299.5,569.8,0.4935,0.1899,0.658,46.7,0.0
user14,84,swipe_down,32,0.5483,347.8,262.7,347.8,592.3,0.5419,0.0174,0.57,66.98,2.07
user14,85,tap,2,0.0729,208.9,206.4,208.7,208.5,0.4765,0.2242,0.635,54.1,0.0
user14,86,swipe_up,34,0.5723,223.0,410.4,223.0,109.3,0.6159,0.0197,0.647,58.32,1.8
user14,87,swipe_right,55,0.9279,265.7,320.0,604.0,320.0,0.5145,0.016,0.542,73.55,2.22
user14,88,swipe_up,19,0.3309,344.0,409.2,344.0,212.3,0.4957,0.0163,0.523,72.19,2.34
user14,89,swipe_left,42,0.707,294.7,510.9,19.4,510.9,0.501,0.0159,0.527,75.7,2.31
user14,90,long_press,13,1.3802,211.4,409.6,214.5,409.5,0.477,0.0156,0.494,68.4,0.0
user14,91,swipe_left,24,0.4119,246.7,392.8,74.7,392.8,0.5632,0.0182,0.592,59.81,1.9
user14,92,long_press,11,1.1257,246.7,592.6,247.2,593.6,0.5082,0.0175,0.524,70.7,0.0
user14,93,swipe_left,39,0.6639,203.5,556.6,-157.9,556.6,0.3581,0.011,0.377,63.59,1.94
user14,94,swipe_right,44,0.7433,228.6,239.6,618.0,239.6,0.5019,0.0158,0.528,68.06,2.07
user14,95,swipe_up,34,0.5773,287.8,231.5,287.8,-55.2,0.451,0.0143,0.474,67.89,2.11
user14,96,double_tap,4,0.5159,340.0,519.1,337.7,523.1,0.4155,0.1599,0.554,56.3,0.0
user14,97,pinch_out,29,0.4847,263.5,341.3,263.5,45.5,0.4162,0.0135,0.439,66.43,2.07
user14,98,tap,2,0.0729,258.5,174.0,257.3,170.2,0.4475,0.2114,0.597,59.5,0.0
user14,99,tap,2,0.1015,322.5,493.4,322.1,496.8,0.499,0.2348,0.665,56.1,0.0
user14,100,pinch_in,20,0.343,321.9,240.6,321.9,65.1,0.5286,0.0173,0.555,75.1,2.43
user14,101,tap,2,0.093,280.4,191.8,281.0,190.4,0.413,0.1952,0.551,52.2,0.0
user14,102,pinch_out,30,0.5053,283.9,595.8,283.9,240.4,0.6168,0.0197,0.648,72.75,2.27
user14,103,tap,2,0.0637,223.4,509.3,219.6,511.7,0.574,0.2701,0.765,59.0,0.0
user14,104,double_tap,4,0.5558,173.7,247.3,172.2,244.3,0.48,0.1848,0.64,56.1,0.0
user14,105,long_press,11,1.1095,240.4,699.9,239.9,696.6,0.6358,0.022,0.656,69.2,0.0
user14,106,swipe_down,18,0.303,283.2,268.5,283.2,432.7,0.5,0.0166,0.525,68.61,2.25
user14,107,tap,2,0.0581,313.7,121.1,313.0,120.1,0.384,0.181,0.512,59.5,0.0
user14,108,tap,2,0.0947,340.6,272.4,341.1,269.8,0.3165,0.1492,0.422,50.9,0.0
user14,109,swipe_left,63,1.0516,313.9,366.6,-15.3,366.6,0.6511,0.0203,0.686,73.39,2.19
user14,110,pinch_in,29,0.4864,186.6,249.5,186.6,-22.0,0.5731,0.0183,0.604,72.55,2.26
user14,111,swipe_down,12,0.2057,255.1,214.6,255.1,379.0,0.6775,0.0232,0.71,74.98,2.57
user14,112,swipe_up,61,1.0223,280.4,270.2,280.4,-109.6,0.4643,0.0145,0.489,70.65,2.12
user14,113,long_press,10,1.0925,193.7,388.7,197.5,392.4,0.5109,0.0182,0.527,54.8,0.0
user14,114,swipe_left,38,0.6338,289.7,542.2,-100.2,542.2,0.5773,0.0182,0.607,66.19,2.02
user14,115,swipe_right,31,0.519,193.6,405.6,506.1,405.6,0.532,0.017,0.561,72.0,2.25
user14,116,swipe_right,69,1.1595,250.0,301.3,589.7,301.3,0.6567,0.0203,0.692,73.32,2.19
user14,117,swipe_left,27,0.4608,167.1,463.4,-79.3,463.4,0.487,0.0158,0.513,68.17,2.15
user14,118,pinch_in,38,0.6394,309.9,457.4,309.9,265.7,0.5494,0.0174,0.578,74.27,2.28
user14,119,tap,2,0.0868,228.3,377.9,225.2,380.5,0.5545,0.2609,0.739,51.4,0.0
user14,120,swipe_up,16,0.2783,314.1,211.9,314.1,-12.0,0.4554,0.0152,0.478,60.06,1.98
user14,121,long_press,12,1.2474,334.9,346.7,333.2,347.8,0.4368,0.0144,0.451,64.9,0.0
user14,122,swipe_down,31,0.5299,296.4,464.1,296.4,732.9,0.5268,0.0168,0.555,72.4,2.25
user14,123,swipe_up,36,0.6154,289.6,287.2,289.6,58.3,0.5856,0.0186,0.616,71.18,2.19
user14,124,swipe_up,25,0.4326,178.2,339.1,178.2,29.4,0.6525,0.0213,0.688,72.93,2.31
user14,125,tap,2,0.0835,173.0,152.4,173.8,151.7,0.514,0.2418,0.685,49.8,0.0
user14,126,tap,2,0.0864,270.9,387.6,275.0,387.0,0.586,0.2758,0.781,59.6,0.0
user14,127,swipe_down,29,0.4975,286.7,203.0,286.7,416.2,0.5653,0.0182,0.596,68.96,2.15
user14,128,swipe_up,33,0.5664,291.0,297.5,291.0,14.9,0.6756,0.0215,0.712,77.59,2.4
user14,129,tap,2,0.0626,240.2,207.5,242.5,209.7,0.4725,0.2227,0.63,48.7,0.0
user14,130,tap,2,0.0917,287.9,689.1,287.1,688.8,0.558,0.263,0.744,48.3,0.0
user14,131,tap,2,0.0699,201.2,534.1,200.3,531.8,0.402,0.1895,0.536,56.2,0.0
user14,132,tap,2,0.0901,271.1,146.8,271.3,147.4,0.4865,0.2298,0.649,58.4,0.0
user14,133,swipe_right,28,0.4719,218.2,474.4,487.7,474.4,0.4644,0.0149,0.488,75.21,2.34
user14,134,swipe_up,19,0.3293,303.3,500.5,303.3,308.7,0.4902,0.0162,0.517,70.16,2.28
user14,135,swipe_up,79,1.3261,179.8,348.8,179.8,-18.8,0.6543,0.0203,0.689,73.04,2.17
user14,136,pinch_out,41,0.6867,197.8,397.6,197.8,101.7,0.5313,0.0167,0.56,65.04,1.99
user14,137,swipe_down,42,0.7038,269.5,594.9,269.5,901.9,0.5583,0.0176,0.587,74.61,2.26
user14,138,pinch_in,22,0.3827,195.3,479.9,195.3,322.5,0.4765,0.0155,0.5,79.05,2.54
user14,139,double_tap,4,0.5513,241.4,513.4,243.2,513.1,0.6615,0.2546,0.882,54.8,0.0
user14,140,double_tap,4,0.5153,193.7,167.8,193.0,171.9,0.377,0.1455,0.503,61.1,0.0
user14,141,tap,2,0.0569,231.8,493.1,232.3,493.7,0.49,0.2305,0.653,48.1,0.0
user14,142,tap,2,0.0598,318.1,272.3,319.0,270.4,0.538,0.2531,0.717,61.8,0.0
user14,143,tap,2,0.061,344.5,672.4,344.3,671.6,0.4075,0.1916,0.543,48.7,0.0
user14,144,long_press,14,1.4298,332.3,243.7,338.0,242.4,0.4801,0.0159,0.498,61.9,0.0
user14,145,tap,2,0.0914,220.7,136.0,221.0,135.1,0.482,0.2277,0.643,46.5,0.0
user14,146,tap,2,0.0706,152.4,166.6,154.0,166.9,0.4455,0.21,0.594,53.4,0.0
user14,147,tap,2,0.0633,211.3,343.7,214.3,346.1,0.451,0.2121,0.601,59.9,0.0
user14,148,long_press,13,1.3479,277.4,352.1,275.6,349.2,0.4762,0.0156,0.493,64.3,0.0
user14,149,swipe_up,62,1.0429,289.8,313.1,289.8,-84.0,0.4718,0.0147,0.496,68.87,2.06
user14,150,pinch_out,44,0.7397,344.4,224.0,344.4,-140.2,0.4955,0.0156,0.521,68.73,2.09
user14,151,double_tap,4,0.4195,225.2,111.3,228.4,114.2,0.461,0.1778,0.615,36.2,0.0
user14,152,pinch_out,27,0.4586,342.2,286.1,342.2,86.7,0.4686,0.0151,0.494,69.77,2.2
user14,153,pinch_in,41,0.6964,176.5,268.8,176.5,-97.3,0.4579,0.0145,0.483,71.42,2.18
user14,154,tap,2,0.0772,291.2,323.8,293.6,321.5,0.545,0.2574,0.727,54.8,0.0
user14,155,swipe_down,40,0.6684,181.6,296.2,181.6,674.0,0.509,0.0161,0.535,72.31,2.21
user14,156,swipe_left,14,0.2497,337.9,565.8,177.1,565.8,0.493,0.0166,0.517,74.33,2.52
user14,157,double_tap,4,0.6456,183.9,229.2,183.6,232.0,0.609,0.2344,0.812,46.1,0.0
user14,158,swipe_up,26,0.4458,214.7,259.5,214.7,-56.6,0.6204,0.0201,0.652,80.62,2.54
user14,159,swipe_left,16,0.2822,245.4,439.4,88.1,439.4,0.4925,0.0166,0.517,52.54,1.74
user14,160,pinch_out,38,0.6487,195.9,352.0,195.9,53.8,0.6653,0.021,0.699,63.0,1.94
user14,161,tap,2,0.0579,279.0,618.0,279.3,616.1,0.5365,0.2524,0.715,55.7,0.0
user14,162,tap,2,0.0879,193.2,335.0,193.0,338.6,0.45,0.2121,0.6,54.0,0.0
user14,163,long_press,13,1.3689,190.5,230.3,191.1,229.9,0.5503,0.0179,0.57,69.9,0.0
user14,164,swipe_up,27,0.4592,277.8,372.5,277.8,119.8,0.7265,0.0234,0.766,65.48,2.05
user14,165,tap,2,0.0694,271.2,109.0,272.8,112.6,0.467,0.2206,0.623,50.8,0.0
user14,166,double_tap,4,0.4626,298.1,611.9,300.1,608.9,0.377,0.1455,0.503,46.2,0.0
user14,167,swipe_left,40,0.6791,311.4,558.8,-35.5,558.8,0.5785,0.0183,0.608,62.94,1.93
user14,168,long_press,12,1.2703,168.9,655.4,171.9,652.4,0.6498,0.0214,0.671,70.7,0.0
user14,169,pinch_in,25,0.4254,308.5,264.4,308.5,19.0,0.5479,0.0178,0.578,63.59,2.02
user14,170,swipe_right,17,0.285,165.6,279.2,399.5,279.2,0.4668,0.0155,0.493,61.55,2.02
user14,171,long_press,14,1.405,187.0,307.1,186.9,307.7,0.5546,0.0182,0.574,61.9,0.0
user14,172,swipe_down,44,0.7353,338.7,521.9,338.7,905.9,0.4819,0.0152,0.507,63.21,1.93
user14,173,pinch_out,31,0.5253,243.1,402.2,243.1,218.5,0.5105,0.0164,0.538,75.36,2.33
user14,174,swipe_right,42,0.7148,327.5,223.7,720.5,223.7,0.4176,0.0132,0.439,63.05,1.92
user14,175,swipe_up,20,0.3429,280.8,552.8,280.8,367.9,0.5872,0.0194,0.617,64.58,2.09
user14,176,swipe_down,20,0.3376,172.1,471.3,172.1,674.8,0.4719,0.0153,0.495,66.9,2.17
user14,177,tap,2,0.0518,322.4,491.2,320.2,492.2,0.4795,0.2256,0.639,47.3,0.0
user14,178,double_tap,4,0.372,176.8,385.6,181.4,388.7,0.4555,0.1749,0.607,58.5,0.0
user14,179,tap,2,0.0755,290.9,376.6,289.2,379.4,0.542,0.256,0.723,52.2,0.0
user14,180,swipe_up,37,0.6212,180.3,383.3,180.3,12.0,0.6108,0.0194,0.644,60.79,1.86
user14,181,swipe_down,40,0.6672,277.4,376.0,277.4,705.1,0.5775,0.0183,0.607,70.21,2.15
user14,182,long_press,12,1.2069,269.1,625.5,266.9,627.1,0.6494,0.0217,0.67,66.0,0.0
user14,183,swipe_left,16,0.2823,255.3,374.3,90.8,374.3,0.5449,0.0182,0.572,74.03,2.44
user14,184,pinch_in,19,0.3324,255.1,272.6,255.1,52.4,0.432,0.0145,0.456,77.51,2.51
user14,185,tap,2,0.1049,307.9,359.2,308.6,357.6,0.576,0.2715,0.768,48.0,0.0
user14,186,swipe_down,47,0.7844,213.7,457.8,213.7,687.0,0.5449,0.0171,0.574,72.7,2.2
user14,187,swipe_up,34,0.582,240.5,450.5,240.5,148.2,0.5921,0.0188,0.622,70.97,2.19
user14,188,swipe_right,52,0.8697,322.8,339.3,631.6,339.3,0.5902,0.0184,0.621,64.32,1.95
user14,189,swipe_down,50,0.8446,302.5,384.8,302.5,618.6,0.5962,0.0187,0.627,62.68,1.89
user14,190,pinch_in,23,0.3877,337.1,491.3,337.1,265.9,0.4852,0.0158,0.512,75.91,2.4
user14,191,swipe_left,29,0.4873,332.7,229.4,7.8,229.4,0.509,0.0163,0.537,69.24,2.16
user14,192,double_tap,4,0.3628,318.7,432.0,317.4,430.9,0.411,0.1582,0.548,58.2,0.0
user14,193,swipe_left,14,0.2429,235.5,578.5,20.3,578.5,0.4446,0.015,0.466,79.94,2.7
user14,194,tap,2,0.0589,272.3,268.9,272.1,266.4,0.419,0.198,0.559,43.2,0.0
user14,195,swipe_right,38,0.6459,176.2,459.0,502.9,459.0,0.4393,0.0139,0.462,63.94,1.97
user14,196,pinch_out,41,0.6943,274.5,361.4,274.5,11.9,0.5416,0.0171,0.571,66.13,2.02
user14,197,double_tap,4,0.4622,347.2,182.7,348.2,183.0,0.463,0.1778,0.617,51.7,0.0
user14,198,tap,2,0.074,256.5,121.2,254.0,120.0,0.473,0.2234,0.631,57.3,0.0
user14,199,tap,2,0.0622,167.8,559.6,168.2,557.8,0.447,0.2107,0.596,53.3,0.0
user15,0,double_tap,4,0.3254,304.6,541.5,303.6,540.2,0.7425,0.2858,0.99,22.2,0.0
user15,1,tap,2,0.0583,333.8,295.7,333.3,295.3,0.7215,0.3401,0.962,14.0,0.0
user15,2,tap,2,0.0476,306.4,438.3,307.5,443.4,0.53,0.2503,0.707,29.5,0.0
user15,3,swipe_up,13,0.2242,181.5,392.4,181.5,171.5,0.8265,0.0287,0.874,37.02,1.26
user15,4,pinch_out,11,0.1887,194.2,363.5,194.2,182.5,0.9058,0.0323,0.958,69.36,2.43
user15,5,double_tap,4,0.2522,216.2,551.2,219.7,554.3,0.7135,0.2742,0.951,36.4,0.0
user15,6,long_press,8,0.8761,334.5,316.1,331.6,317.4,0.7843,0.0304,0.813,39.2,0.0
user15,7,tap,2,0.0482,310.0,220.7,308.8,217.3,0.615,0.2899,0.82,28.8,0.0
user15,8,pinch_out,15,0.2521,201.3,302.6,201.3,6.8,0.8296,0.0281,0.876,36.04,1.2
user15,9,swipe_left,22,0.3766,281.5,277.8,-98.0,277.8,0.8833,0.0288,0.928,34.65,1.1
user15,10,swipe_down,10,0.1692,322.9,256.1,322.9,419.7,0.8786,0.0309,0.92,37.72,1.35
user15,11,swipe_right,24,0.4047,302.1,541.9,638.0,541.9,0.792,0.0256,0.832,42.32,1.33
user15,12,pinch_in,12,0.2044,184.2,210.3,184.2,-4.7,0.6672,0.0228,0.699,51.02,1.77
user15,13,pinch_in,14,0.2356,239.2,574.7,239.2,308.9,0.8259,0.0278,0.866,49.23,1.65
user15,14,swipe_down,17,0.2918,276.5,569.0,276.5,847.2,0.7427,0.0248,0.784,47.48,1.55
user15,15,long_press,10,1.0182,213.2,687.1,214.7,685.1,0.8778,0.0319,0.907,46.1,0.0
user15,16,pinch_in,14,0.2381,167.6,369.5,167.6,137.2,0.7773,0.0263,0.815,51.46,1.71
user15,17,long_press,7,0.7539,172.7,507.8,173.1,509.8,0.673,0.0263,0.701,61.9,0.0
user15,18,tap,2,0.0541,155.7,146.6,153.8,147.8,0.706,0.3323,0.941,54.5,0.0
user15,19,swipe_left,10,0.1766,314.8,264.7,115.6,264.7,0.751,0.0262,0.786,54.84,1.95
user15,20,swipe_down,22,0.3715,170.2,457.7,170.2,788.1,0.8209,0.0267,0.862,50.93,1.64
user15,21,double_tap,4,0.1766,294.6,201.7,289.2,204.9,0.706,0.2714,0.941,45.0,0.0
user15,22,swipe_up,16,0.2732,159.9,239.7,159.9,8.7,0.6876,0.023,0.722,54.36,1.8
user15,23,tap,2,0.033,348.7,361.3,349.1,361.6,0.75,0.3536,1.0,37.8,0.0
user15,24,tap,2,0.0566,266.0,549.0,267.7,549.8,0.717,0.338,0.956,35.9,0.0
user15,25,swipe_right,16,0.2818,309.2,425.8,658.1,425.8,0.718,0.0237,0.753,34.44,1.15
user15,26,swipe_down,20,0.3461,347.7,553.8,347.7,919.8,0.904,0.0295,0.949,49.17,1.58
user15,27,swipe_left,10,0.1813,321.5,243.3,137.0,243.3,0.804,0.0283,0.842,44.06,1.58
user15,28,swipe_left,11,0.1848,233.6,418.5,42.0,418.5,0.8574,0.0307,0.907,48.62,1.69
user15,29,swipe_left,10,0.1755,319.2,592.5,139.2,592.5,0.6954,0.0243,0.728,27.12,0.97
user15,30,swipe_up,20,0.338,220.6,357.7,220.6,-21.5,0.7326,0.024,0.769,53.13,1.72
user15,31,tap,2,0.0639,158.1,108.9,158.0,106.9,0.6405,0.3019,0.854,23.6,0.0
user15,32,swipe_left,25,0.4272,175.9,396.2,-207.2,396.2,0.7464,0.0242,0.787,37.8,1.21
user15,33,swipe_up,22,0.3725,289.9,388.9,289.9,12.0,0.7762,0.0252,0.815,54.26,1.72
user15,34,swipe_right,11,0.1941,254.1,275.7,483.4,275.7,0.932,0.0331,0.986,48.01,1.68
user15,35,swipe_up,9,0.1634,328.6,335.1,328.6,129.6,0.68,0.0251,0.72,49.86,1.84
user15,36,pinch_in,18,0.3055,231.6,469.6,231.6,176.0,0.728,0.0239,0.764,50.24,1.63
user15,37,tap,2,0.0443,263.4,578.8,265.0,579.4,0.75,0.3536,1.0,23.7,0.0
user15,38,swipe_up,11,0.1912,230.4,451.7,230.4,253.5,0.7711,0.0274,0.816,28.35,1.02
user15,39,swipe_up,18,0.3113,259.7,298.3,259.7,-42.8,0.5993,0.0198,0.629,70.97,2.31
user15,40,swipe_up,11,0.1962,205.9,397.4,205.9,165.6,0.829,0.0294,0.877,36.79,1.29
user15,41,tap,2,0.0541,219.3,696.5,221.0,700.3,0.75,0.3536,1.0,18.5,0.0
user15,42,tap,2,0.0608,311.5,130.3,310.3,133.5,0.75,0.3536,1.0,37.5,0.0
user15,43,double_tap,4,0.2531,275.6,198.0,275.7,199.9,0.566,0.2182,0.755,36.4,0.0
user15,44,swipe_down,16,0.282,156.1,426.6,156.1,726.3,0.7021,0.0235,0.737,32.22,1.07
user15,45,swipe_down,21,0.3511,345.7,555.4,345.7,907.2,0.8231,0.0271,0.869,47.95,1.54
user15,46,swipe_down,18,0.3021,196.4,391.9,196.4,703.7,0.6848,0.0226,0.719,58.88,1.93
user15,47,swipe_right,15,0.2601,347.3,390.1,630.5,390.1,0.6592,0.0221,0.696,43.42,1.45
user15,48,swipe_down,16,0.2815,150.6,428.1,150.6,674.9,0.7871,0.0265,0.826,38.62,1.27
user15,49,pinch_in,17,0.2877,218.0,467.2,218.0,190.4,0.8175,0.0273,0.863,52.52,1.71
user15,50,pinch_in,19,0.3205,285.7,419.2,285.7,94.6,0.6882,0.0227,0.727,53.74,1.74
user15,51,tap,2,0.0487,305.3,243.6,308.8,242.4,0.621,0.2927,0.828,22.1,0.0
user15,52,double_tap,4,0.2883,291.9,285.3,289.0,279.5,0.6045,0.2327,0.806,51.4,0.0
user15,53,swipe_left,14,0.2466,329.5,240.0,56.1,240.0,0.7944,0.0265,0.833,48.43,1.65
user15,54,pinch_in,18,0.3143,155.0,242.3,155.0,-54.4,0.7822,0.0258,0.821,57.72,1.87
user15,55,swipe_down,19,0.3269,171.1,279.3,171.1,637.5,0.7365,0.0243,0.777,54.28,1.74
user15,56,double_tap,4,0.2144,311.2,693.8,311.7,697.3,0.7095,0.2731,0.946,35.8,0.0
user15,57,swipe_up,21,0.3648,329.0,532.9,329.0,149.5,0.6817,0.0224,0.719,47.27,1.51
user15,58,pinch_in,12,0.2129,267.8,512.9,267.8,306.1,0.825,0.0285,0.865,46.0,1.59
user15,59,swipe_down,23,0.3935,288.7,430.3,288.7,765.5,0.6823,0.0222,0.72,45.73,1.46
user15,60,swipe_up,15,0.2559,329.2,422.2,329.2,121.3,0.6871,0.0233,0.726,48.16,1.6
user15,61,swipe_left,14,0.2442,222.5,493.8,-15.3,493.8,0.8076,0.0274,0.847,48.07,1.62
user15,62,swipe_left,13,0.2309,349.8,330.9,94.1,330.9,0.7395,0.026,0.782,35.95,1.22
user15,63,pinch_out,13,0.2193,315.5,324.8,315.5,116.3,0.6658,0.0231,0.704,29.83,1.01
user15,64,swipe_right,12,0.2133,199.0,461.7,421.5,461.7,0.7815,0.0268,0.819,28.6,1.0
user15,65,tap,2,0.0456,250.9,230.3,251.2,229.2,0.6025,0.2835,0.803,26.5,0.0
user15,66,tap,2,0.0467,183.2,469.2,185.5,469.2,0.75,0.3536,1.0,34.2,0.0
user15,67,swipe_up,17,0.2844,295.7,395.2,295.7,130.5,0.7485,0.0251,0.79,46.65,1.53
user15,68,swipe_down,20,0.3354,273.4,311.8,273.4,626.1,0.7414,0.0242,0.778,36.67,1.17
user15,69,tap,2,0.0478,234.7,503.8,235.3,507.2,0.7195,0.3387,0.959,49.0,0.0
user15,70,pinch_in,17,0.2928,221.1,416.0,221.1,104.3,0.8817,0.0294,0.931,47.79,1.56
user15,71,tap,2,0.05,284.7,507.6,282.2,511.1,0.633,0.2984,0.844,34.1,0.0
user15,72,double_tap,4,0.2062,175.0,214.9,171.7,213.8,0.6815,0.2627,0.909,68.2,0.0
user15,73,swipe_up,18,0.3017,191.0,247.2,191.0,-78.5,0.7863,0.026,0.825,57.42,1.87
user15,74,swipe_right,13,0.217,216.7,429.0,441.6,429.0,0.8696,0.03,0.919,31.85,1.08
user15,75,long_press,9,0.9539,211.2,423.1,210.4,421.9,0.6984,0.0263,0.722,49.1,0.0
user15,76,tap,2,0.0617,209.9,593.8,210.5,594.1,0.71,0.3352,0.947,44.9,0.0
user15,77,double_tap,4,0.3073,316.3,427.0,315.1,429.2,0.747,0.2875,0.996,21.7,0.0
user15,78,long_press,10,1.0744,219.5,577.3,215.7,575.2,0.8139,0.0292,0.84,37.5,0.0
user15,79,swipe_left,14,0.2466,292.5,594.8,48.2,594.8,0.667,0.0228,0.7,64.86,2.17
user15,80,swipe_right,20,0.3496,186.4,350.5,541.1,350.5,0.6902,0.0226,0.725,35.86,1.16
user15,81,tap,2,0.026,341.5,642.7,339.3,642.8,0.724,0.3408,0.965,41.1,0.0
user15,82,swipe_down,24,0.4038,286.5,401.8,286.5,789.5,0.6949,0.0225,0.73,46.99,1.48
user15,83,swipe_up,28,0.4685,225.5,483.5,225.5,101.2,0.7328,0.0235,0.77,59.47,1.86
user15,84,double_tap,4,0.2765,305.2,550.5,306.8,552.0,0.75,0.2887,1.0,26.2,0.0
user15,85,swipe_down,22,0.3703,331.7,214.2,331.7,570.8,0.8274,0.027,0.869,48.35,1.53
user15,86,tap,2,0.0558,322.2,606.1,321.5,606.8,0.6255,0.2949,0.834,38.8,0.0
user15,87,swipe_left,19,0.3248,325.8,482.4,-43.1,482.4,0.7115,0.0236,0.751,42.43,1.39
user15,88,swipe_down,14,0.2415,151.9,313.8,151.9,558.7,0.655,0.0221,0.687,37.74,1.29
user15,89,swipe_up,19,0.3211,295.9,533.8,295.9,262.4,0.8703,0.0288,0.919,47.19,1.54
user15,90,pinch_out,18,0.3157,239.0,201.2,239.0,-126.5,0.788,0.026,0.827,56.57,1.84
user15,91,tap,2,0.055,337.5,456.5,336.6,455.2,0.6715,0.3161,0.895,38.7,0.0
user15,92,double_tap,4,0.2617,266.4,165.7,262.3,162.4,0.7195,0.2766,0.959,43.8,0.0
user15,93,tap,2,0.0311,258.1,666.5,257.4,668.0,0.6595,0.3104,0.879,52.0,0.0
user15,94,tap,2,0.0376,301.4,298.3,299.8,298.3,0.6795,0.3203,0.906,20.8,0.0
user15,95,long_press,12,1.2041,188.6,660.0,188.6,662.2,0.8358,0.028,0.862,50.3,0.0
user15,96,swipe_right,11,0.1894,239.3,286.6,414.4,286.6,0.9167,0.0325,0.97,24.94,0.86
user15,97,swipe_down,19,0.3224,234.0,449.6,234.0,756.8,0.7452,0.0247,0.787,40.71,1.31
user15,98,swipe_up,13,0.2223,313.4,264.5,313.4,33.1,0.806,0.0278,0.852,34.68,1.17
user15,99,tap,2,0.0419,268.9,435.8,271.9,439.6,0.7095,0.3345,0.946,33.1,0.0
user15,100,swipe_up,15,0.2636,242.1,250.4,242.1,-9.4,0.7176,0.0244,0.758,67.39,2.26
user15,101,swipe_down,11,0.1986,246.5,477.4,246.5,684.4,0.7245,0.0256,0.766,52.44,1.84
user15,102,swipe_up,23,0.3878,215.9,395.3,215.9,13.1,0.7875,0.0257,0.831,64.38,2.05
user15,103,swipe_right,11,0.199,324.5,237.0,544.5,237.0,0.8545,0.0306,0.904,62.01,2.18
user15,104,swipe_down,17,0.2879,175.3,318.6,175.3,617.9,0.8364,0.0279,0.883,43.3,1.41
user15,105,long_press,8,0.8815,225.7,650.3,224.9,648.4,0.837,0.0322,0.867,52.9,0.0
user15,106,swipe_down,13,0.2219,259.9,295.8,259.9,540.3,0.9036,0.031,0.955,43.85,1.5
user15,107,swipe_left,18,0.3134,184.7,357.4,-61.7,357.4,0.7807,0.0256,0.819,17.1,0.58
user15,108,swipe_left,14,0.2433,200.0,256.0,-29.0,256.0,0.8163,0.0277,0.856,60.71,2.06
user15,109,swipe_left,12,0.2084,232.2,484.0,20.8,484.0,0.6475,0.0224,0.679,30.48,1.06
user15,110,swipe_up,12,0.2076,325.5,269.3,325.5,114.3,0.7318,0.0252,0.767,27.37,0.92
user15,111,swipe_right,12,0.2044,279.6,433.2,495.9,433.2,0.6625,0.0227,0.694,45.47,1.56
user15,112,swipe_up,12,0.202,280.6,247.5,280.6,24.5,0.897,0.0308,0.94,40.53,1.4
user15,113,tap,2,0.0617,315.1,292.6,316.8,291.9,0.723,0.3408,0.964,42.0,0.0
user15,114,tap,2,0.0513,279.6,397.4,279.7,395.1,0.75,0.3536,1.0,33.3,0.0
user15,115,tap,2,0.0431,165.8,354.3,165.9,353.7,0.649,0.3055,0.865,37.1,0.0
user15,116,tap,2,0.0731,247.4,205.0,246.4,204.1,0.66,0.3111,0.88,27.8,0.0
user15,117,swipe_left,18,0.3053,346.7,348.8,-30.1,348.8,0.8143,0.027,0.855,52.73,1.7
user15,118,swipe_up,18,0.3016,184.0,546.6,184.0,258.6,0.5884,0.0194,0.618,71.0,2.32
user15,119,pinch_in,12,0.2115,298.8,290.9,298.8,89.6,0.7907,0.027,0.829,14.87,0.48
user15,120,double_tap,4,0.3131,254.3,240.2,253.4,238.0,0.4955,0.1911,0.661,22.1,0.0
user15,121,swipe_up,19,0.3331,173.6,540.5,173.6,171.1,0.8229,0.0273,0.869,27.83,0.89
user15,122,swipe_left,17,0.2954,195.0,208.5,-99.3,208.5,0.6682,0.0223,0.705,54.91,1.81
user15,123,swipe_down,10,0.1751,207.7,332.5,207.7,537.0,0.68,0.0239,0.712,49.22,1.73
user15,124,swipe_left,21,0.3571,321.9,475.4,-46.9,475.4,0.7638,0.0253,0.806,41.38,1.34
user15,125,swipe_up,23,0.3838,230.1,362.0,230.1,19.1,0.7603,0.0248,0.802,35.12,1.12
user15,126,swipe_down,23,0.3865,264.3,261.6,264.3,624.7,0.8113,0.0265,0.856,33.87,1.07
user15,127,swipe_left,24,0.4015,227.7,303.8,-148.4,303.8,0.6321,0.0204,0.664,53.84,1.72
user15,128,swipe_left,23,0.395,237.0,294.4,-101.0,294.4,0.6994,0.0227,0.738,62.31,1.98
user15,129,double_tap,4,0.3619,154.4,136.1,155.9,138.9,0.4925,0.1899,0.657,65.7,0.0
user15,130,pinch_in,16,0.2813,324.7,230.0,324.7,-59.5,0.853,0.0284,0.895,50.58,1.69
user15,131,swipe_up,11,0.1852,321.8,232.4,321.8,56.0,0.8509,0.0302,0.9,65.95,2.3
user15,132,pinch_in,15,0.2543,287.9,516.8,287.9,296.1,0.7814,0.0265,0.825,52.29,1.73
user15,133,swipe_left,17,0.2969,196.8,409.7,-124.6,409.7,0.8046,0.027,0.85,58.3,1.91
user15,134,swipe_down,21,0.364,179.9,288.9,179.9,658.7,0.7895,0.0258,0.833,59.25,1.9
user15,135,tap,2,0.0322,249.8,226.5,249.7,224.1,0.603,0.2843,0.804,44.9,0.0
user15,136,swipe_right,11,0.1884,307.8,462.3,487.0,462.3,0.7738,0.0273,0.818,45.71,1.6
user15,137,swipe_left,19,0.3195,266.0,569.4,-81.5,569.4,0.8476,0.0283,0.895,26.58,0.86
user15,138,long_press,14,1.4495,329.3,582.4,328.2,581.0,0.7034,0.0236,0.73,36.5,0.0
user15,139,pinch_out,9,0.1624,156.4,208.5,156.4,49.5,0.8646,0.0317,0.915,56.67,2.05
user15,140,pinch_out,20,0.3461,299.7,546.5,299.7,209.8,0.744,0.0243,0.781,33.14,1.08
user15,141,tap,2,0.048,303.2,543.1,305.1,540.8,0.5865,0.2765,0.782,11.6,0.0
user15,142,pinch_out,11,0.1848,336.8,436.0,336.8,225.8,0.7912,0.0281,0.837,50.76,1.79
user15,143,swipe_down,17,0.2964,164.5,441.8,164.5,784.2,0.8498,0.0284,0.897,47.9,1.57
user15,144,swipe_up,17,0.2966,189.7,252.3,189.7,-50.4,0.711,0.0238,0.751,36.26,1.2
user15,145,double_tap,4,0.234,290.6,419.4,291.8,419.4,0.639,0.246,0.852,33.8,0.0
user15,146,tap,2,0.0623,335.2,455.9,334.0,459.6,0.5605,0.2638,0.747,21.3,0.0
user15,147,long_press,10,1.0696,229.0,383.8,227.6,381.9,0.9043,0.0325,0.933,40.6,0.0
user15,148,swipe_up,17,0.2849,185.0,263.2,185.0,-25.6,0.8245,0.0277,0.871,36.6,1.2
user15,149,long_press,10,1.0218,203.9,602.6,205.0,604.4,0.8243,0.03,0.851,58.6,0.0
user15,150,swipe_left,11,0.1948,310.1,537.3,111.7,537.3,0.6837,0.0243,0.723,33.14,1.18
user15,151,swipe_down,16,0.2729,315.7,224.9,315.7,545.1,0.8204,0.0274,0.861,65.16,2.16
user15,152,swipe_left,20,0.338,181.6,494.8,-153.7,494.8,0.7783,0.0256,0.817,36.85,1.18
user15,153,long_press,9,0.9094,227.8,110.6,225.5,108.3,0.7769,0.0294,0.804,24.8,0.0
user15,154,tap,2,0.0305,222.8,653.9,224.8,659.1,0.613,0.2885,0.817,40.1,0.0
user15,155,swipe_right,18,0.3081,281.3,227.1,626.6,227.1,0.7586,0.025,0.796,64.12,2.08
user15,156,tap,2,0.0609,281.4,563.2,280.2,564.8,0.518,0.2447,0.691,31.9,0.0
user15,157,tap,2,0.052,170.5,112.0,169.9,114.3,0.6615,0.3118,0.882,27.9,0.0
user15,158,swipe_up,24,0.4148,226.5,252.4,226.5,-146.1,0.7448,0.0241,0.782,30.08,0.95
user15,159,swipe_left,9,0.1589,330.2,336.7,178.0,336.7,0.8349,0.031,0.884,42.96,1.57
user15,160,tap,2,0.0441,255.0,171.9,254.9,170.8,0.738,0.3479,0.984,43.4,0.0
user15,161,tap,2,0.0562,287.7,122.5,285.8,125.3,0.679,0.3196,0.905,15.4,0.0
user15,162,pinch_out,16,0.2713,168.4,380.9,168.4,136.5,0.853,0.0284,0.895,46.53,1.55
user15,163,swipe_left,10,0.1809,203.3,289.4,-8.5,289.4,0.7468,0.0261,0.782,59.26,2.1
user15,164,tap,2,0.054,208.3,188.3,208.6,189.2,0.6775,0.3189,0.903,44.3,0.0
user15,165,tap,2,0.0584,326.4,440.7,326.2,442.3,0.6585,0.3104,0.878,24.8,0.0
user15,166,double_tap,4,0.2082,212.0,531.2,213.9,524.5,0.7015,0.2696,0.935,30.7,0.0
user15,167,tap,2,0.0708,177.1,316.7,178.4,322.7,0.75,0.3536,1.0,42.7,0.0
user15,168,pinch_out,12,0.2011,169.1,321.2,169.1,113.5,0.824,0.0285,0.864,55.28,1.89
user15,169,swipe_down,26,0.4371,184.2,555.0,184.2,923.6,0.6772,0.0217,0.711,65.09,2.06
user15,170,pinch_in,24,0.4002,194.0,549.6,194.0,153.0,0.7686,0.0248,0.808,42.74,1.35
user15,171,long_press,11,1.1586,296.4,451.4,299.3,452.4,0.7529,0.026,0.777,31.4,0.0
user15,172,tap,2,0.0544,273.9,276.4,273.9,276.9,0.691,0.3253,0.921,48.9,0.0
user15,173,double_tap,4,0.3362,175.0,312.5,178.0,315.6,0.5655,0.2177,0.754,28.1,0.0
user15,174,swipe_left,19,0.319,293.6,372.6,-72.4,372.6,0.8592,0.0287,0.907,32.18,1.05
user15,175,double_tap,4,0.2492,281.6,232.5,281.4,237.6,0.5895,0.2269,0.786,12.7,0.0
user15,176,swipe_up,24,0.4133,243.0,468.3,243.0,77.1,0.7118,0.0231,0.748,39.28,1.26
user15,177,pinch_out,14,0.2362,322.5,580.7,322.5,319.3,0.8456,0.0286,0.887,55.94,1.9
user15,178,swipe_right,18,0.3131,241.2,345.3,637.1,345.3,0.7393,0.0243,0.776,51.87,1.71
user15,179,swipe_down,12,0.2053,185.9,359.8,185.9,582.9,0.836,0.0285,0.876,35.15,1.22
user15,180,swipe_down,16,0.2744,303.6,325.9,303.6,561.6,0.8726,0.029,0.916,29.8,0.99
user15,181,swipe_left,21,0.3638,255.9,587.0,-120.2,587.0,0.6736,0.0221,0.711,17.63,0.58
user15,182,tap,2,0.0625,157.8,467.4,157.1,467.1,0.6955,0.3274,0.927,29.3,0.0
user15,183,swipe_right,10,0.1715,335.5,373.2,527.2,373.2,0.6742,0.0236,0.706,50.92,1.82
user15,184,double_tap,4,0.2494,193.8,186.1,193.5,185.5,0.75,0.2887,1.0,42.9,0.0
user15,185,pinch_out,15,0.256,161.0,278.9,161.0,6.6,0.7173,0.0243,0.758,61.51,2.04
user15,186,swipe_down,21,0.3662,290.9,376.1,290.9,745.7,0.8539,0.028,0.901,53.12,1.7
user15,187,swipe_down,10,0.1777,331.7,386.4,331.7,571.9,0.6414,0.0228,0.672,53.4,1.91
user15,188,swipe_down,17,0.2846,166.6,469.5,166.6,764.9,0.6799,0.0228,0.718,40.09,1.32
user15,189,swipe_left,11,0.1884,333.7,467.5,121.9,467.5,0.834,0.0294,0.882,35.28,1.22
user15,190,tap,2,0.0211,231.0,481.2,232.4,484.1,0.678,0.3196,0.904,16.6,0.0
user15,191,swipe_up,18,0.3155,280.3,278.0,280.3,-48.0,0.7478,0.0247,0.785,26.6,0.86
user15,192,double_tap,4,0.2706,174.9,490.5,176.7,485.3,0.6465,0.2488,0.862,37.4,0.0
user15,193,swipe_down,13,0.2183,174.7,353.9,174.7,587.4,0.7804,0.0271,0.825,46.15,1.58
user15,194,pinch_in,10,0.1721,169.7,301.2,169.7,117.4,0.777,0.0274,0.814,54.38,1.92
user15,195,swipe_right,11,0.1888,176.0,445.8,383.6,445.8,0.7142,0.0253,0.756,52.71,1.86
user15,196,swipe_right,19,0.3286,205.1,311.4,555.4,311.4,0.753,0.025,0.795,71.56,2.32
user15,197,double_tap,4,0.2302,265.9,476.9,265.6,474.5,0.716,0.276,0.955,40.5,0.0
user15,198,swipe_left,10,0.1755,293.2,456.0,86.2,456.0,0.835,0.0292,0.874,52.42,1.88
user15,199,long_press,12,1.2012,301.0,410.4,302.3,410.9,0.9689,0.0324,1.0,49.1,0.0
